config_id,epoch,train_mse,train_qwk,train_pearson,valid_mse,valid_qwk,valid_pearson
0,1,0.04934974681396329,0.6401032283566319,0.7478954438837995,0.024333173512251748,0.8914528448439384,0.8936736248216129
0,2,0.026322027327999563,0.731681112418017,0.8697888232875843,0.019106489265087637,0.9090727558276448,0.9141178313804208
0,3,0.019487704507794648,0.7702524459247204,0.9050431159803114,0.021331803951611886,0.9015349944429067,0.905306863722046
0,4,0.015357471626879787,0.7917141483396873,0.9258881464515297,0.01898637061865028,0.9134225808013601,0.9172085679164055
0,5,0.01161980152558487,0.8196389350391995,0.9444031208213165,0.025268229672185366,0.9005899365972179,0.9106422716341208
1,1,0.04618118782567357,0.6586550283935485,0.7604195013225917,0.03405462066310814,0.8643092199339142,0.8869371254564614
1,2,0.029566772609362853,0.7266681203663323,0.8540164839083033,0.02949869475496063,0.8842591727844653,0.9011325425443776
1,3,0.02326738008090897,0.7524656252249659,0.8869381959723487,0.020976538147164426,0.9067183968166148,0.9062515963821616
1,4,0.018386055011608567,0.7849585364285742,0.9115049049337483,0.025680552544894025,0.8943444019031848,0.9025468449809376
1,5,0.014788011771985809,0.8069372196801949,0.9293816217336066,0.022185474720626028,0.9091132919463649,0.9197157893270925
2,1,0.050730418759217265,0.6366205934663971,0.7375373079380676,0.028491534493856736,0.8651533770874869,0.8667888479542877
2,2,0.03755137462584638,0.6907073891400822,0.8095971072525864,0.02646199511464682,0.8882125316806674,0.8872357901405257
2,3,0.029406922917743963,0.721652856519843,0.8538115156166681,0.030238103496872903,0.8737660746164748,0.8675906942180388
2,4,0.025519556573100056,0.7500833147137571,0.8740336391918269,0.04103435230996076,0.8070591740623615,0.8449224556577852
2,5,0.023827849421430104,0.7484569713824551,0.8827065034218861,0.03190321099485599,0.869729620161534,0.8917106658136815
3,1,0.04550679696547545,0.6655743074055103,0.7674988028347038,0.029626628860355327,0.8693274218768962,0.8841861905326944
3,2,0.02997873736380146,0.7224369703249116,0.8513005513335096,0.02224821835721634,0.9003705468646904,0.9007964541281176
3,3,0.019467441291620494,0.7721047897032198,0.904997418350159,0.019239187434911455,0.9094872309155203,0.9124033579862548
3,4,0.01608718549148019,0.7972416651839962,0.9222346775459831,0.021064187021907214,0.9077450961828455,0.9099143350603086
3,5,0.012238912179649963,0.8178051505418147,0.9413583805608492,0.021680974634364247,0.9138215511939534,0.9165855119362774
3,6,0.009535420149786351,0.8470268752990645,0.9545840545136389,0.020541933238906924,0.9131864756882875,0.9149685316279171
3,7,0.008020423283211639,0.8518452383190043,0.9619210057285105,0.019853755773938782,0.9127828974331791,0.9129576086441439
3,8,0.006710181821467547,0.871272365805169,0.9682552865879483,0.021452803890818304,0.9089470089679815,0.9136470583015847
3,9,0.006354728625429556,0.8604470605906983,0.9699334236877394,0.020703857363514544,0.9032884755471463,0.9122300283335962
3,10,0.004794395551149594,0.8841721953878249,0.9773929620676526,0.01986524649627801,0.9144674237865853,0.9146928034541242
4,1,0.052444412883671285,0.649428059275238,0.7351763795398428,0.029528358980314806,0.880107189500171,0.8924484248085887
4,2,0.029986826768312217,0.714372625887381,0.8527257364311738,0.02317150406890826,0.8889062160040975,0.898591233697484
4,3,0.023591058811244146,0.7590508963777476,0.8855093959919933,0.0225408796883558,0.9038455196438396,0.9082752404115088
4,4,0.01844588983090421,0.7930414699512007,0.9112309288608477,0.024634455429537305,0.8875353264051625,0.914578076312675
4,5,0.016425016525716787,0.7991586987975475,0.9212899690144867,0.03106979384799214,0.8743080436627584,0.9043046175422516
4,6,0.01374637625540104,0.8234864965746581,0.9344281096063148,0.022368707914103975,0.9124567909697131,0.9158066176264422
4,7,0.011203430573826691,0.8269599137264662,0.9467832379325879,0.021438662652251556,0.9070223608865099,0.9140653114345778
4,8,0.00901527428695961,0.854686188847371,0.957200461409358,0.023372068754243254,0.9074994490940105,0.9115147834219742
4,9,0.00836512122046402,0.847719088312656,0.960282796801949,0.021415869842766208,0.8958907094873184,0.9095980096939902
4,10,0.006705877139635885,0.8736216191812671,0.9682768992040881,0.017306580037256936,0.9228524822122927,0.9237303653158419
5,1,0.04813592624909714,0.6385638302955245,0.7489809758833547,0.025229237052853397,0.8715194624978315,0.8827042819943187
5,2,0.03587764028934251,0.6988135838095346,0.8183576231074164,0.024194358629970606,0.8861998114818068,0.8885055031069403
5,3,0.030957645115028628,0.7166348250678378,0.844878950331895,0.03008713960844034,0.8740132246952765,0.8836927774387354
5,4,0.022501001296649004,0.7629289227321927,0.8895292442440902,0.027609279712872675,0.8765704670845678,0.8811621319609529
5,5,0.021265232130488563,0.7588133703890471,0.8958048471651864,0.02672811168924775,0.883553996677139,0.892501018183312
5,6,0.020205737257448717,0.765664865604788,0.9011425550657675,0.029234602615949425,0.8847092185538005,0.8876721991808812
5,7,0.030936945153446846,0.7027926024933409,0.8460792531480962,0.11658686744597029,0.0,0.048073063081491764
5,8,0.11500707194024243,0.006216856081136757,-0.020877936291680586,0.11668390372206512,0.0,0.1766396618039817
5,9,0.11204398326647938,0.010243643191015783,0.020538335992883582,0.112352441821713,-9.039073032002243e-05,0.516700026979038
5,10,0.10023522684579479,0.1766597167962629,0.2669258109835486,0.11456200947492,0.0,0.5433936532674886
6,1,0.04970327635702373,0.6532347090196406,0.7429777999199666,0.03905175772139474,0.8592875917538969,0.8921219523152517
6,2,0.02938665734231648,0.7209374607918059,0.8538605634050512,0.023190938104081023,0.8856867670876888,0.8922576705156089
6,3,0.02216817207862438,0.7573330098228401,0.8914141014079053,0.019851159896728966,0.9009727502573703,0.9117205234136847
6,4,0.017949882385299834,0.7937913282319958,0.9129102363989898,0.022141957328558955,0.8973144113080163,0.9102305632038162
6,5,0.014208822318578108,0.8060388655581301,0.9316245471706459,0.01970501069445163,0.9136730108526627,0.9189039906721923
7,1,0.04686240063423893,0.6557586652392375,0.756999669506207,0.028962917678975773,0.8811591794227331,0.8856822567223493
7,2,0.030696771356289492,0.7347448501783906,0.8484405514426578,0.028437358833959,0.8854661290812293,0.8936534136252356
7,3,0.0215586182517871,0.7585246496576908,0.8954241092240405,0.022314488072879612,0.888588089382796,0.9050694977382584
7,4,0.01657234967047162,0.8005888096018938,0.9201900589417467,0.02056610699989559,0.901862282093851,0.9081279485390555
7,5,0.011804030047965522,0.8221754714629421,0.9436207454227163,0.027904545395251584,0.8829363179888713,0.91614432518426
8,1,0.05056183558531345,0.6567124982158998,0.7410016874279777,0.042468548766063416,0.8295565166132527,0.8845920359897004
8,2,0.030446282158815258,0.722876257748416,0.8485895912108172,0.03053605474312516,0.8752390784109256,0.9030275134834758
8,3,0.026699436080707184,0.7289948751358866,0.8684104308812325,0.026214724954436806,0.8834725169752856,0.8871973054512874
8,4,0.02092350821982583,0.7781300769903696,0.8982706251683104,0.02291153954780277,0.8927238404831708,0.8964356394258387
8,5,0.016437373151461328,0.7925619569202393,0.9208342969225086,0.021544935383751768,0.9054040704261161,0.9072992408684679
9,1,0.0461090721629229,0.6462675946169725,0.7604635755649671,0.044522559259990775,0.841237039579999,0.8820124534737641
9,2,0.026591492591017334,0.7425839685224962,0.8679545848412207,0.03022015973863959,0.8997173199570883,0.8828157519235997
9,3,0.019274066855060553,0.7684546209029206,0.9059085290991049,0.021837392465814072,0.8991471935180279,0.9120049522067598
9,4,0.014210369894791585,0.8029232555588754,0.9314582077230604,0.02103639194084441,0.9015579019980727,0.9092770472003908
9,5,0.010897272796368328,0.8185358167377234,0.9478592115684104,0.023046590846634525,0.9038560847581734,0.9120145622810888
9,6,0.009338073708079157,0.8440982618684444,0.9554965794291523,0.019170741807422873,0.9187416932557402,0.9184358743417295
9,7,0.007512589572127363,0.8461207529549981,0.9643640749646136,0.019854980979717392,0.9140847355562555,0.9149053091197562
9,8,0.0060163968689880545,0.8726265138204897,0.9715379019615416,0.018475107074824765,0.9216630254793154,0.9219647052198965
9,9,0.005668048557131296,0.8767275173738354,0.9732499465782208,0.017271638274370858,0.9224357504802707,0.9234397438136738
9,10,0.004518721874478486,0.8846805807690717,0.9787046322625947,0.016687983812409907,0.9251343231432689,0.9258371852862192
10,1,0.04429593650511482,0.6497651274341079,0.768947922622791,0.03933527636314359,0.8549790294766708,0.8867701011784174
10,2,0.027632593367836793,0.7288281686076314,0.8635916563990804,0.031095842423383147,0.8761494498909425,0.90122887930119
10,3,0.020536033559453257,0.7733128197383573,0.9004765968462201,0.020448166971190777,0.9013859266894677,0.9050272803714666
10,4,0.019366722419287566,0.8020649940623173,0.9067759540745778,0.022828496208496613,0.8985633599627194,0.9151829789629979
10,5,0.014338847954510157,0.8132943525708052,0.9315781831792405,0.021410800555981147,0.9091581770317819,0.916161705255648
10,6,0.01262895168409998,0.82802470345675,0.9401029200367208,0.02715144893633859,0.8922641040875511,0.9148420831556412
10,7,0.0107861936561339,0.8430713508097174,0.9489636187971431,0.02507109602447599,0.8887214320629148,0.9175256263418565
10,8,0.009499403576556742,0.84494556823605,0.9551626705831104,0.02191804360036793,0.9071247964296699,0.911847457821908
10,9,0.008057789481817155,0.8587226775699353,0.962023868890434,0.023297017142313588,0.9044723889071864,0.9136603596946059
10,10,0.007103615409728942,0.8576999334088284,0.9665795147616901,0.01917436858981519,0.9091773514744855,0.9116423926372039
11,1,0.04982324193772245,0.6516062944073928,0.7434677683732787,0.05693621225038763,0.8043310797195576,0.8789325928835048
11,2,0.030038786480301862,0.7269712454233344,0.8507493826465147,0.024146634958657053,0.8833715080077786,0.8951365631130623
11,3,0.023381628795695934,0.7512809015124855,0.8857678010181803,0.026818006491178974,0.8767481641195835,0.8814169872925823
11,4,0.018681041496261843,0.7864378287819138,0.9096895717980036,0.024923277522355097,0.8672708466715257,0.8858182564583253
11,5,0.014334087699540804,0.8108168549461582,0.9312748116982085,0.02520249049549046,0.8792664083963817,0.8878088010795083
11,6,0.013298290059637693,0.8198371667389951,0.936309306587367,0.023816069193879442,0.8907846770625152,0.8919026912207378
11,7,0.010719856493890687,0.8305004881616097,0.9489309733090405,0.029230701497427243,0.8698951558241008,0.8912121140413317
11,8,0.008811037608185548,0.8368027208325025,0.9581651632744091,0.026185238805791253,0.892132076602233,0.895972521227484
11,9,0.010902749257433335,0.8419201517328235,0.9479590853595254,0.02449433660127825,0.8892729818502634,0.892553761257704
11,10,0.008325724102075199,0.8518936437370618,0.9604562571768926,0.021175623922745752,0.9011997612899917,0.9059621527089218
12,1,0.049777288343997264,0.6410730021335191,0.7456058461897459,0.02848618490380057,0.8734876415587615,0.8894911770631808
12,2,0.0274101346039351,0.7248777573774998,0.8640968070371106,0.019838033211057978,0.9087631709701585,0.9114303962178831
12,3,0.020061311798752507,0.7731535066581156,0.9021258574516907,0.020969848125412895,0.9045226891766376,0.9163350623174914
12,4,0.015439650754220713,0.7948352506988617,0.9254276938022415,0.018752420358128696,0.9114174900085441,0.9145582771113265
12,5,0.011788639934580123,0.8278560028975993,0.9435723434578067,0.022564070373739337,0.9034637520896248,0.9173805204087213
13,1,0.04683476787939446,0.6671805028625302,0.7572017043015639,0.027849399473887065,0.8755373480497419,0.8948412485299806
13,2,0.02991928742157158,0.7236427673147139,0.8520155534971664,0.02724983544270371,0.8812168726106143,0.8985243465856786
13,3,0.02293321853827083,0.7476824721308739,0.8884832338943811,0.024803359084163437,0.9000045232738072,0.8967831999135636
13,4,0.017966253401024205,0.7776073445364784,0.9136118797090739,0.025039193284636198,0.8814773230443743,0.9052619725944535
13,5,0.01822891118706271,0.7899344267243168,0.9121466588632898,0.026613821498946946,0.8924102457475773,0.9042051528508341
14,1,0.05279761774317502,0.623727427468358,0.7248980419362937,0.03341438015783805,0.8327304482540179,0.87575124856049
14,2,0.03400343635597813,0.7023038636009323,0.8291374460301952,0.030778626206002253,0.8648809538673735,0.8670840052093998
14,3,0.03161839113162746,0.7118112896673994,0.8418201060404853,0.036119202278581834,0.8410433391404647,0.8702552491565881
14,4,0.028489343512423482,0.7386135151674098,0.8582257306233991,0.03399266345214153,0.8369056449050611,0.8690293435120515
14,5,0.021017878477239148,0.7706401348050816,0.897288409275108,0.03306918391578673,0.8435849576258485,0.8805811737298151
15,1,0.044775429626069396,0.6648926888850113,0.7710050850141845,0.030196850909680294,0.8747782720311965,0.8956309828650837
15,2,0.025970681524641426,0.7539366715143323,0.8716866420426839,0.020193724862003687,0.905143469827828,0.9074503572741554
15,3,0.019366410649372775,0.7702329515926515,0.9055881957575385,0.021199739714896113,0.9022274800771176,0.910542844227915
15,4,0.014790394562718547,0.8108891789139193,0.9285963011076078,0.021288372729138832,0.9094412430749972,0.9091458465572577
15,5,0.011887223628791497,0.8212817599474552,0.9430930910190394,0.022482649756592067,0.9078772836684538,0.9214541900198855
15,6,0.009208539937279981,0.8316295590401108,0.9561314026793409,0.019007937863909107,0.9191952728090818,0.9201828303481338
15,7,0.007020840867284319,0.8636172030546073,0.9667097086724054,0.023137016181649147,0.9039352158238401,0.9137022477839712
15,8,0.006795856286585914,0.8638037893565761,0.9678451787697143,0.017290731263047372,0.9211450604435626,0.9216820558101513
15,9,0.006782346481163233,0.8675213997085196,0.9678895069242005,0.01956984089648519,0.9057720317824967,0.916526099449512
15,10,0.0045469915706412125,0.8737451186006217,0.9785726927357857,0.019373454638458926,0.9112488015984904,0.912196152291666
16,1,0.05175908244047041,0.6431716726162056,0.7399714163379353,0.02487595134323997,0.8878473570192146,0.8914075911322484
16,2,0.027135351049319432,0.7402498603866625,0.8660873076057778,0.022370935343935666,0.8981729678287595,0.8995505335609941
16,3,0.02053645600878703,0.7588609130436431,0.900011513071214,0.021162115496040582,0.9045038586496335,0.9082007854397295
16,4,0.016784709960591462,0.8039236451245665,0.9189079405362749,0.02070332565894847,0.9067899297606588,0.9090975325437206
16,5,0.014295946998429917,0.8083517298358336,0.9312530218490803,0.024748028294465364,0.8894569385314531,0.8991275088118953
16,6,0.010379366136352377,0.8349710655784057,0.9505036003034064,0.020801288244162126,0.9070044793648209,0.9067697470275513
16,7,0.008583174949603874,0.8458189955059138,0.9591891228473431,0.02365036482168601,0.899433350980493,0.9078073920564866
16,8,0.008089086158287585,0.8563337530776026,0.9616106810682624,0.02368894213481433,0.8898513087401968,0.9023660585664326
16,9,0.007737338678918865,0.8611148751651478,0.9632851238540507,0.017469341756034682,0.915560464256243,0.9197843253032552
16,10,0.006211707794480455,0.8667601472130642,0.970621509103513,0.022216535983127814,0.9031720801856318,0.914484557617037
17,1,0.05164382567402329,0.6239415545079124,0.7275867175265934,0.03603589923044209,0.8296855188631312,0.8566596122065739
17,2,0.03558945858625287,0.6832576175179153,0.8195481453126561,0.028386238317633636,0.8722033851417574,0.8832265298499327
17,3,0.029983187278031526,0.7181434655259529,0.8501733904499433,0.028864345180302148,0.8790786084335045,0.8867280906891021
17,4,0.02557871827732001,0.7463526959158533,0.8736414231716033,0.026155252734229983,0.8809799806289464,0.8883028924007235
17,5,0.02219645576549081,0.783351745428819,0.8909491645435839,0.034937062956433854,0.8573205459027337,0.8807190806866821
17,6,0.01843738655964999,0.7830102348211274,0.9101996784600833,0.027950063709046364,0.8843428891030016,0.8906426974942264
17,7,0.01714736679061633,0.7871451077221379,0.9166542942032974,0.037376943282331064,0.8553231973215212,0.8700311723253317
17,8,0.015473054640224188,0.7945969596296703,0.925142567387437,0.0506853592575199,0.7917684738893747,0.8619403054480955
17,9,0.014025507521565988,0.7964807637772946,0.9323317901126928,0.025827500424758697,0.8776546642512093,0.8894557218512994
17,10,0.012398596043227107,0.8222385663603561,0.9404135282144899,0.024636936214365586,0.8882900538215129,0.8971837396908876
18,1,0.051995923821875976,0.6501282797946001,0.7297441753890377,0.040712670758640504,0.8399641193391342,0.8874684046199247
18,2,0.029213600585127994,0.7149274308107717,0.8536874711230583,0.02144293033908231,0.9008892138854807,0.9021615992278483
18,3,0.022460971577779612,0.7416120049622332,0.8896727401559552,0.020455408766043976,0.8995236107456748,0.9075380562140398
18,4,0.018368797385114436,0.7776949083240894,0.91069177672375,0.021491138125865665,0.8999367710405602,0.9047355056238685
18,5,0.013944360291117024,0.8060388655581301,0.9328287828316381,0.021607289837180254,0.9041508346691245,0.9158029348165581
19,1,0.045151142340984426,0.6535552395258031,0.7670663912712957,0.024626329318647656,0.8910530825799537,0.8971305909657978
19,2,0.026083569719310012,0.7371834330768501,0.8714710438593632,0.028742694946498993,0.8740319118206619,0.9060637028659893
19,3,0.019108914373625625,0.771073304874492,0.9070741029420689,0.022567967439125126,0.8974896607088187,0.9130234995455504
19,4,0.01366622874333694,0.8186967260477289,0.9342741159970782,0.019286363500321063,0.9054210924089656,0.9125941560134758
19,5,0.01060567367100113,0.8261032203946996,0.9493812672797273,0.021136355617165786,0.9044900913066503,0.9139835585442149
20,1,0.057733240885931174,0.6056970860233817,0.7029975352266551,0.04570517995778252,0.7966263401132727,0.8796404317886467
20,2,0.03269582207311149,0.7080618473374992,0.8366819288341234,0.03704092327868292,0.8345907864582224,0.8747012651272116
20,3,0.02744911723226196,0.7384984837961646,0.864312581410599,0.029038628522197112,0.888825414332413,0.8997518659816179
20,4,0.022810849209275584,0.7650158170900343,0.8883802831009411,0.030147050870308542,0.8464879394754219,0.879227029078342
20,5,0.018673729220808382,0.7763029436138451,0.909524271662472,0.026273768641712034,0.8896251980252909,0.8997618110959897
21,1,0.04394427857305397,0.6603967063869081,0.7728333300385176,0.040407751121914345,0.847592071703962,0.8852708239982685
21,2,0.025581801287294672,0.7442917334328006,0.8733201426483417,0.021325360514524886,0.899844821347702,0.9064867021730882
21,3,0.019376606880713586,0.780919374220524,0.905430184532475,0.01944817418253104,0.9101543172625275,0.9152939239041988
21,4,0.01513962107221992,0.8067347626421137,0.9268396019080615,0.021139139598851803,0.9043870866970823,0.9105279793001609
21,5,0.012294221851980888,0.817022299296903,0.9410699490186915,0.02617484160274377,0.8883911855810654,0.9129049617194421
21,6,0.00953047480031457,0.8428866947512926,0.9545408177823383,0.01953355287482469,0.9179737562628196,0.9187133400206565
21,7,0.008071788174160958,0.8470568403129626,0.9616678486526712,0.02380163606721908,0.9100247649032992,0.9135807053875914
21,8,0.006794500908843419,0.8681614358210415,0.9678394730547697,0.017194425638402153,0.9238884959292069,0.9253058140647829
21,9,0.0058966117562455015,0.8731364759787381,0.9721325242368813,0.0227753804424805,0.9017312395748934,0.9059454302464636
21,10,0.0048811658455999935,0.8741561010835757,0.9769776071488748,0.021035456252695227,0.9127785045751495,0.921109023866594
22,1,0.04621606539241223,0.6611420869985666,0.7604995714685434,0.0413404996986227,0.85572977117143,0.888248666155549
22,2,0.026358208055247065,0.7516464902064183,0.8699942484977619,0.023808247687103337,0.8946880920841362,0.9028656607471098
22,3,0.02032560341822473,0.7737455011008849,0.9014039765790152,0.023037799916517755,0.8984671011838937,0.8997856664278534
22,4,0.01724313680894166,0.7905625540953741,0.9170677491820388,0.02172557237859377,0.9008743066919845,0.9024593145847546
22,5,0.013640371776148078,0.8224544360936281,0.9349434573227594,0.026573141995707854,0.8843772568046332,0.9039060030801557
22,6,0.010352464065982102,0.8247246440290138,0.9507884115897014,0.02059963472557309,0.9047500462091429,0.9110471010192326
22,7,0.009616084203180383,0.8491677676524725,0.9543257450300897,0.020609249427627006,0.9015328473479203,0.9054613275763772
22,8,0.007958425342506731,0.8378989707751432,0.9622535936978027,0.02481299764065839,0.9007314764871905,0.9115473239840323
22,9,0.0062008405223995845,0.8666558816558252,0.9707370289292423,0.020802874729698113,0.9015261747934183,0.9123515157024301
22,10,0.005267288352022588,0.8731364759787381,0.9751565492006025,0.017762420483289614,0.9190657418836005,0.9196989348155719
23,1,0.04779975600487822,0.6486107483904666,0.7548165318160674,0.05182929630802177,0.84047732847,0.89686177222101
23,2,0.029130024280018808,0.7375882765018839,0.8558374814788746,0.0282256871509804,0.8879287737986582,0.901356811670635
23,3,0.024471621658910057,0.7475045552520825,0.8799672643043999,0.027264000990886845,0.8724860078929728,0.8768588971705541
23,4,0.019377057790925238,0.7790442746821998,0.9059701591589019,0.025807713435771054,0.8703704684922154,0.8827625438420682
23,5,0.01544977014308658,0.8063813810981016,0.9257156308050712,0.02703245829873006,0.8816665289487826,0.8917934640038508
23,6,0.013676723107274812,0.8073037970383177,0.9343480733326291,0.02617187742554747,0.885863496553322,0.8938232252519989
23,7,0.01087714345938225,0.8329440089290091,0.9482012168602919,0.02439846649341395,0.8854485267854414,0.8874001629487431
23,8,0.00946442460701123,0.8396625664080002,0.9550021187133072,0.030664753809105605,0.8664096784208962,0.8932082092668427
23,9,0.010020817280746996,0.841809195307181,0.9522625905051731,0.026080772448468077,0.8828560880105825,0.9046495538057351
23,10,0.007323423642924827,0.8445506843431775,0.9653163351555051,0.023295535733375478,0.8982171379539666,0.9009105424966981
24,1,0.04822487018439947,0.6668872832205983,0.7561839321645627,0.03776056299958488,0.862391203075499,0.8893148973040715
24,2,0.028297764304190186,0.7380116815084449,0.8616814459371077,0.020342125353208222,0.9093054423290936,0.909580258476685
24,3,0.019711661481871562,0.7590059565162921,0.9046213070110293,0.021172400313576766,0.9046101084825988,0.908176585906598
24,4,0.01564065712053612,0.8020396669098442,0.9247604540862692,0.02004685272806776,0.9109306095119439,0.9119969731383722
24,5,0.010556451197274951,0.8348415564032039,0.9496563099879836,0.027557071369836407,0.8923733002643982,0.9178694395195937
25,1,0.04269175621442583,0.660330998321988,0.7814866586364911,0.05770591548507047,0.7814432454785731,0.8890050713769112
25,2,0.027654283490819356,0.7367505601959454,0.8642029018618949,0.025144899404682185,0.8912339296344255,0.9047703838076078
25,3,0.021473781067704374,0.7618987857765632,0.896306872094794,0.020162793074525648,0.9041438758282304,0.9066194799063441
25,4,0.01670939571761446,0.8071641717939347,0.9200933742272457,0.024447446833244825,0.8838656736470616,0.9136395705491335
25,5,0.01441053799274866,0.8123675782675944,0.9313111796726015,0.029878428496886045,0.876683308382739,0.9040129423007485
26,1,0.04536719111356416,0.6713706082529374,0.7677495520145368,0.038855872544124447,0.8180470268151548,0.8678878847892654
26,2,0.03136538648202691,0.7242814176834478,0.8439397731299488,0.029346881753607543,0.8768152291810253,0.8894871849870071
26,3,0.02653158552429594,0.7382694396197784,0.8692317455034603,0.023877234317457325,0.888025472257697,0.8920020184549444
26,4,0.025061395633251615,0.7480303552557319,0.8766288412900665,0.043552121908492954,0.7635320991657735,0.855625494397057
26,5,0.02066553837438937,0.7838620005057692,0.8990422275607867,0.029687605353127068,0.8749385521888657,0.9016957427355787
27,1,0.04416755346987033,0.6650309485835801,0.7752045798377297,0.03174582989595365,0.8563130269955423,0.8783548685027479
27,2,0.02544822292037076,0.7435388014129654,0.8745823648430553,0.0186104151630656,0.9095718526337393,0.9140941433892438
27,3,0.017711100460217802,0.773332423280664,0.9141697538896705,0.01985462172096424,0.9079682136653736,0.9133010829433509
27,4,0.014372062506651805,0.8034814254655449,0.9308164439321248,0.019836490932314464,0.9086061203151562,0.9168441047685048
27,5,0.010489214524809222,0.8395054516400147,0.9499354989753255,0.020604559686462916,0.9101453287698433,0.9180511884366216
27,6,0.008131558893972102,0.8484771965793927,0.9613669609787315,0.019954543832735747,0.9090961358057312,0.9108789809915989
27,7,0.006130093626164354,0.8615720293833045,0.9710087897916477,0.02045441922532251,0.9123264554212711,0.9179319670698218
27,8,0.0054382285879789995,0.871096028571106,0.9743242564308073,0.020098754290837163,0.9120355733961296,0.9168451651882852
27,9,0.004696280585708741,0.8822067594433399,0.9778588445445353,0.020274724192217142,0.9042323487005417,0.9176545076814172
27,10,0.004187322754505537,0.8883237443282255,0.9802826046794192,0.02074074984557228,0.9080646910738838,0.9213194743283083
28,1,0.052069922304287065,0.6582474625441144,0.7404692862463553,0.029484410843853018,0.8754866210109049,0.8967167324487941
28,2,0.027744036742206796,0.7288346453111794,0.8645897625992606,0.02495159944245482,0.8985474255253774,0.9066269254860087
28,3,0.02144189622053579,0.7679552579136242,0.8968055074759411,0.020975031254826772,0.9064930359500559,0.9062665073791969
28,4,0.0171160023463512,0.7953256616974247,0.9182031756644485,0.021134592548632473,0.8997907393778325,0.904547913930413
28,5,0.013873511305893002,0.8211764572576776,0.9340106083333358,0.03345838389278095,0.8766310577585843,0.9132847541514723
28,6,0.011105244849065348,0.8245869208885204,0.9472527132591709,0.019882416312618584,0.9141366332712426,0.9156841908292601
28,7,0.00845320199535984,0.8437684583579445,0.9599942498508829,0.021264163309965892,0.9066062051440138,0.9076531591337076
28,8,0.006666337539366951,0.8754189325617092,0.9684947927122115,0.022085019635757337,0.9047525396522018,0.9078334432654765
28,9,0.005869514318717827,0.8740082540375875,0.9722822925761204,0.018067589366931796,0.9179102365703933,0.9187662976182894
28,10,0.0049156364949255816,0.8686203899168012,0.9768237057806807,0.023432075174830116,0.8962839267438362,0.9072537022217595
29,1,0.044718964920499815,0.6560868735083533,0.7692058042618201,0.03179755577173851,0.8211773224991109,0.8704395732848019
29,2,0.030438669756973548,0.7251773184361786,0.8481900750902099,0.025060283812790123,0.8872755470122191,0.8941239252213927
29,3,0.037980726785662486,0.6861135036845631,0.8054349506756593,0.0339331501202062,0.8623524622820972,0.8667698747217328
29,4,0.025341535110879578,0.743893270351652,0.874587704724181,0.030028001049204785,0.866119507404614,0.8751747697021157
29,5,0.022175396051515767,0.7672033933594031,0.8910556888238924,0.03656864125664202,0.8368531188313166,0.8743600174242782
29,6,0.0214729975132269,0.7830008204127772,0.8945240416628537,0.02503705052089679,0.8947471420442683,0.8935834551043725
29,7,0.015257546080642287,0.7981555176195267,0.9262845379274048,0.03180125038060771,0.880489485779125,0.8872508344988269
29,8,0.012799036499040607,0.822349926986918,0.9384597827474165,0.03066321880375172,0.8747674944195909,0.9019586329403965
29,9,0.012074584612027687,0.8288418779462832,0.9420258174425965,0.025229901686650597,0.8775689891074537,0.8925936771737784
29,10,0.009482157067746478,0.8335895146494272,0.95476823857511,0.022497321061296937,0.8933528395186217,0.8994998389110447
30,1,0.05208833489676194,0.6438169876129223,0.7309231190217946,0.04164892270380412,0.8450222972870243,0.8737259933032202
30,2,0.029113807824628676,0.7280843939906432,0.8559094442069886,0.020916310279383597,0.9011763235574866,0.9052229590900288
30,3,0.021420497073578897,0.7583357659805969,0.8958015882867566,0.01938022515969351,0.9057475046610562,0.9108097515205124
30,4,0.01615640455601642,0.7926338753110407,0.9221107471362433,0.01982706761405365,0.9063189848958771,0.9082724710371509
30,5,0.011996147302481115,0.8217634800729356,0.9426119638350142,0.023183066048659384,0.9009353508755445,0.9134317189494943
31,1,0.04362059498667041,0.6597308912796958,0.776039326225181,0.036032996749888885,0.847671467545481,0.892737513609917
31,2,0.027579331892896408,0.7559491555609448,0.8649888992658011,0.023330076286048794,0.907182411097447,0.9104635490873068
31,3,0.021475897165981875,0.768819075798451,0.8964827753451152,0.021777688193491056,0.8975299837922552,0.9063626144657116
31,4,0.016184138547847424,0.7978782618539972,0.9226275698803531,0.021526932449299183,0.8973607564187709,0.9037096240090006
31,5,0.011568987489979898,0.8231050000566771,0.9448207043367965,0.024844324729843614,0.8869834062533091,0.9110737665650686
32,1,0.04685735320654787,0.6638880605094755,0.7632200805454233,0.046385418664773595,0.8248003448056244,0.8926707186442706
32,2,0.028409168935805165,0.7380116815084449,0.8601060548891479,0.02810876099187333,0.8746098061378533,0.9004590347293824
32,3,0.02284637730241188,0.7558569293915149,0.8886327652499095,0.024996432287426776,0.8921498279330926,0.8958925864577121
32,4,0.01851103471157217,0.7835220979332922,0.9105813232746377,0.023045189524589872,0.8940135739133765,0.8968438671786967
32,5,0.014468611496199619,0.8154361150400754,0.9306433267880213,0.030980987885199925,0.8692870022436274,0.8980530218992255
33,1,0.045583169880043184,0.6439211633290494,0.7647519239500425,0.03148395216832047,0.8571867848646633,0.8802830386372577
33,2,0.02755697407858316,0.7421066936302367,0.8641404244768446,0.021602369471699658,0.9025905981297637,0.9061959925628927
33,3,0.018047111453963812,0.7798733255733714,0.9123675220787703,0.02008572728920947,0.9041982945558655,0.90704315204602
33,4,0.012885924363781703,0.8143292234185886,0.9381509627453154,0.01931237995193121,0.9091899515864963,0.9121094213888367
33,5,0.009696008588032469,0.837511730542375,0.9537483232615294,0.02671740888378254,0.8937288142245893,0.915272554903485
33,6,0.007534906083648841,0.86003709771576,0.9642604355786809,0.0190508914512226,0.9154029726998416,0.9181004343526641
33,7,0.006063169002333138,0.8706109900695769,0.9713293562876474,0.019323749769040766,0.9126278198472015,0.9132159078226249
33,8,0.004916145057439019,0.8767034198091042,0.976806941628089,0.01818352102247231,0.9151341440799142,0.9188901915493924
33,9,0.004532042694377531,0.8798038825398375,0.9786363522659891,0.01865917051841012,0.913589968500446,0.9190790309248719
33,10,0.003980910887682919,0.8913017778128061,0.9812612076735482,0.018244948946898255,0.9182663417905492,0.9206542684687412
34,1,0.0407842903528697,0.6760492420923508,0.7906082604667966,0.0432229763828218,0.8356869497440903,0.8974361079592935
34,2,0.02370702444015877,0.7587637800341356,0.884088993246706,0.024468933711485827,0.8969352030378455,0.9057834704306855
34,3,0.018392896324806337,0.7763029436138451,0.9115037398006124,0.019987768889062434,0.9030287545186922,0.9075095249219843
34,4,0.015438124203406598,0.8046153324313221,0.9263016893013705,0.023898246076629114,0.8914628495131295,0.9040709098249093
34,5,0.012457428952073414,0.8314645080289109,0.9410177188344292,0.02590887716231758,0.8933578264487396,0.9090811233725901
34,6,0.009657108816027726,0.8347767255598374,0.9544469703020532,0.022062485051505706,0.9081141605097691,0.9125547583153445
34,7,0.008230962023616105,0.8585289786017499,0.9612458154974758,0.019256197650547084,0.9110497890712368,0.9136303244920275
34,8,0.007223638462295337,0.8569007946198787,0.965957322035239,0.021248191637877265,0.9097667412381258,0.9163172539648996
34,9,0.005511563690511302,0.8832007952286283,0.9740728539077714,0.019693827198352665,0.9047134706449823,0.9123365090653044
34,10,0.004622677450696806,0.8858309092615182,0.9782590391609118,0.020987158175557852,0.911423740627283,0.9198510831530229
35,1,0.04572741043206396,0.6618102625683169,0.7672820806243105,0.02986798799761078,0.8608962445708161,0.8842516774487307
35,2,0.026247841762889367,0.7588112435819336,0.8708819192108773,0.025131795728264156,0.8947349871119237,0.9005113105926661
35,3,0.02136239781909726,0.7667716213608032,0.8961933839370984,0.025596175404429874,0.8910788667379613,0.8893844556822252
35,4,0.019476099122871973,0.790000793947849,0.905676112334504,0.02137536949971143,0.8992537556787017,0.9011108903483254
35,5,0.014193711108933001,0.8124063937104119,0.9319329094152651,0.02977155296556542,0.882258362513894,0.904391185870575
35,6,0.01214659189372297,0.8295368461518168,0.9419773561952267,0.026217296147746417,0.8834215358202159,0.8989508393417113
35,7,0.012464558156620929,0.8263420634591221,0.940364038030376,0.02753698206780588,0.8901307831616164,0.8965263097600012
35,8,0.008963971541374077,0.8509092002269713,0.9574603830579074,0.033467544126324356,0.8586404307182574,0.8930576144782068
35,9,0.008591778001669681,0.8553677932405567,0.9592502828112778,0.025289783432312748,0.8778437153620293,0.8925408525939789
35,10,0.006615069288573807,0.8783019647464909,0.9686824576607932,0.020063707041759592,0.9090868011972347,0.910420998915973
36,1,0.048945421016596706,0.6458326984320478,0.7487528923724643,0.028969703971543984,0.8687680143853713,0.8822361448830291
36,2,0.029255921149567838,0.7234241976022175,0.8541316709379345,0.020200512790538864,0.9068359638201203,0.9093822316668461
36,3,0.021662911082188697,0.7546632997270356,0.8937924649405445,0.022529724697746775,0.8922944381021258,0.9079880455786523
36,4,0.016805579994574032,0.7937643247406915,0.9184719090016702,0.01830411544912803,0.9214136754486033,0.9214537222960713
36,5,0.01355710783366227,0.8134774131994856,0.9347955886823687,0.022738277686585207,0.8978516524582295,0.9059154251890057
37,1,0.050476906805121846,0.6393511052623573,0.7363630634388323,0.0339605534561141,0.8568400062516103,0.8682350529209598
37,2,0.02951720888350209,0.7315259834944874,0.8540782711411486,0.030121155576660598,0.8738408959983719,0.8865187733814504
37,3,0.026588355759470675,0.7449242714179074,0.8694051072187522,0.026352919035108405,0.898500097330005,0.8900320297980551
37,4,0.022017520537939043,0.770342843306762,0.8929700097354217,0.021100099259723826,0.8971693054564878,0.9038746667067853
37,5,0.018455955943200316,0.7944453037465151,0.9110078994148161,0.026794899885905634,0.8816616689321861,0.9043143338967058
38,1,0.05088732655026769,0.6234789689160181,0.7343327193157048,0.02795336446230495,0.8764351164273998,0.8891853445176887
38,2,0.035046170462512224,0.6978079530376132,0.8237183309817763,0.026460016439694513,0.8640610902626276,0.8792889965555764
38,3,0.028826359664962543,0.734382191723503,0.856856400464239,0.02904768500208293,0.871330615962473,0.8719919851008369
38,4,0.02861122052536904,0.726937356746415,0.8575602568351467,0.037904769809328547,0.8101921820535264,0.8619300170923185
38,5,0.022604931592174353,0.7618688850223087,0.8890337949214773,0.03676104233326281,0.8444584165512243,0.886722630368745
39,1,0.048945421016596706,0.6458326984320478,0.7487528923724643,0.028969703971543984,0.8687680143853713,0.8822361448830291
39,2,0.029255921149567838,0.7234241976022175,0.8541316709379345,0.020200512790538864,0.9068359638201203,0.9093822316668461
39,3,0.021662911082188697,0.7546632997270356,0.8937924649405445,0.022529724697746775,0.8922944381021258,0.9079880455786523
39,4,0.016805579994574032,0.7937643247406915,0.9184719090016702,0.01830411544912803,0.9214136754486033,0.9214537222960713
39,5,0.01355710783366227,0.8134774131994856,0.9347955886823687,0.022738277686585207,0.8978516524582295,0.9059154251890057
39,6,0.010463874126644322,0.8382162524325198,0.9500278913613359,0.019326659437009605,0.9135954117775682,0.9174041919118826
39,7,0.008548318123126808,0.8495505862652855,0.9593497012882201,0.018985494429858484,0.9140821736418456,0.9142502888349099
39,8,0.007258048339442842,0.8604470605906983,0.9655918378034709,0.023654332553954136,0.9007825252479988,0.9097203088878645
39,9,0.005955475667262933,0.8590961113474563,0.971852381993993,0.019756255642385118,0.9049007909421779,0.9101910354413596
39,10,0.006019084373442148,0.8713729134981881,0.9715507191064343,0.025228399078460986,0.8851918728836269,0.9093846857795181
40,1,0.04806091491180729,0.6318958170889104,0.7497113330771681,0.03890969732567422,0.827658430472114,0.8810015200860147
40,2,0.030991376454115357,0.7245533800471184,0.8455809700583534,0.022029279247175616,0.9039714347532538,0.9034082906641422
40,3,0.02522533699943942,0.7383952267230611,0.876481309166867,0.02419776307001217,0.8930398802953821,0.8965362750172071
40,4,0.02063373336983851,0.7756038070998701,0.9001057786065815,0.026775342853986386,0.8852604049966339,0.8959008332426264
40,5,0.0164640652265471,0.7971602778900604,0.9210110077769211,0.029905443904520806,0.8837505607496863,0.9016742807637473
40,6,0.01344625599306457,0.8140372628547021,0.9359383667084926,0.022130574731229844,0.9043483347999738,0.9051980660000932
40,7,0.011428220256783873,0.8224544360936281,0.9456846319455379,0.02622214520969839,0.8882207155308907,0.8986484361101569
40,8,0.009413120431184243,0.8466937902949601,0.9553723187964953,0.029167495925588916,0.8819257168296035,0.910144312843301
40,9,0.007928147539548687,0.8549699739736882,0.9624785110522237,0.02141859302205643,0.9007113820989892,0.9048191476847588
40,10,0.0067321227581938065,0.8664730237306781,0.9682060456828498,0.022719415848448134,0.898325739498777,0.9099314719951311
41,1,0.05331729447939178,0.5975923094396818,0.720484253165731,0.03586173731138628,0.8332437570790227,0.8656351760206796
41,2,0.037312354812250446,0.670996123839339,0.8109319143146702,0.031712905916399046,0.8810580498921919,0.8820954925658796
41,3,0.031249499303092457,0.7080828614664598,0.843732205608724,0.030234537149440525,0.8739949398087498,0.873530873436583
41,4,0.025923917387092366,0.7381774118307423,0.8718380768084045,0.028956295105779323,0.8803244973932013,0.8905596469991883
41,5,0.022283182495065907,0.7566660483006924,0.8906591933311301,0.032582734470131124,0.8457627771608704,0.8708372277973535
41,6,0.019330072694372022,0.7901658047138556,0.905768336428703,0.03314933670052971,0.8517307970204702,0.8720242327135123
41,7,0.01846539591467017,0.7943997261424286,0.9101104618171569,0.03607930728878059,0.8519338775675154,0.8847564236116096
41,8,0.018515095665617598,0.7940887481387984,0.909945974041069,0.03043417810155969,0.8740461491215652,0.8820890007815195
41,9,0.013495933328217026,0.8145918278659718,0.9350165537865833,0.02445997587459287,0.8781517799326186,0.8867208680522318
41,10,0.011924701570673784,0.8275176068983506,0.942787187567772,0.027532843744719523,0.8721435900258123,0.8792260726585195
42,1,0.05061314062044616,0.6427269124813773,0.7400394573728216,0.04265970763449064,0.8304774961669612,0.8827853115612606
42,2,0.029308711160555313,0.7242663704120805,0.8541754695409195,0.021231792672016823,0.8993758489210787,0.9023760996283622
42,3,0.022521837429180458,0.7443423330859829,0.8894955235476821,0.022974698126370853,0.8859812070158186,0.9000443252534513
42,4,0.019238315372585208,0.7729562221827271,0.90613980595904,0.026460648873848292,0.8822592630311614,0.9024871876176179
42,5,0.015861985652284107,0.7958402227830476,0.9233068453636706,0.0219647437967497,0.9028951105657506,0.9074291318122913
43,1,0.04908131694664126,0.6313823648521468,0.7429466069934224,0.033255569078713,0.8742153713128886,0.8923270764818231
43,2,0.028908501401198553,0.7396051079133961,0.8571814401405404,0.021179283686625937,0.9032568740307159,0.9053672065530824
43,3,0.023557268920669682,0.7523680470008528,0.8853697040153198,0.020337764909901822,0.9001454823371787,0.907855544763581
43,4,0.019128853157985716,0.7883967984385579,0.9080373204295856,0.02234883963897386,0.8894373595185499,0.8999982822846276
43,5,0.014554083261054382,0.8096317103856311,0.9304771747952522,0.02649258982102551,0.884990175893698,0.9011710145139329
44,1,0.055798920035179146,0.605229877636586,0.7048730509820212,0.04798129982287612,0.8297112226130228,0.8762099076486806
44,2,0.036160109049705735,0.6970481929995562,0.8178408674137075,0.02887575004955151,0.8487505944740854,0.8867661095910742
44,3,0.028175989866594735,0.7377534152047227,0.8607467792008368,0.02565991849748089,0.8803384738587312,0.8877023047944226
44,4,0.025718193560652084,0.7441740516272151,0.8735082936678302,0.027137272244812372,0.8605220017656979,0.8741105489569458
44,5,0.022720131955755653,0.7662941267733012,0.8889067509213522,0.03075243187520434,0.8707133876271851,0.8861134429946852
45,1,0.04837983046237569,0.6470173298000115,0.7499285517227886,0.044750550035935116,0.8211672445726705,0.8793706893591177
45,2,0.027836628063249144,0.7282841547134857,0.8614305429943003,0.023318211642189828,0.8918807992811897,0.8937635152202807
45,3,0.021987810216418033,0.7684767459964835,0.8920538863642637,0.02014424272826599,0.9012031623019635,0.9103916815400308
45,4,0.017754707376504343,0.778217426361754,0.9137321186727109,0.020359222222503054,0.9029880432358105,0.9071210810633222
45,5,0.014091336621026136,0.8108891789139193,0.9321082873762347,0.023780937101144123,0.8964872606459255,0.9148386650563995
45,6,0.011672750862301212,0.818839034698768,0.9440983610346431,0.018737569495843834,0.9175407981092714,0.9183601563374344
45,7,0.008967502926659396,0.8396311680682079,0.9573185664409662,0.020498673089177293,0.9095929430180497,0.9175424344399105
45,8,0.00816004796647722,0.8456378744921741,0.9612630320807354,0.022777064097360435,0.9084203971574856,0.9115514380803114
45,9,0.006879521908180432,0.8610332749562172,0.9674344854233119,0.018110753463320983,0.9158598228103408,0.9198421751269238
45,10,0.006157635776383278,0.8666558816558252,0.9708874135736687,0.021206408773329768,0.9079223711954945,0.9104199112616895
46,1,0.052010284582265635,0.6375825297809391,0.7371686907205878,0.047958494903629315,0.8361935937286795,0.898915456397973
46,2,0.028312217655445542,0.7288753019036571,0.8593011419502856,0.023696410798412913,0.8692502886688313,0.9030890719351817
46,3,0.021008406055383455,0.757810460360282,0.8973552596496412,0.023605868049130282,0.8875236275293961,0.9129255399966392
46,4,0.016133150045094493,0.8047885734132152,0.9220169688858217,0.021268781973049045,0.904604152252634,0.9060288830270492
46,5,0.013584636114819401,0.8221475309176797,0.9347840275932283,0.021049012239981332,0.902415499484588,0.9116979862892481
46,6,0.010427429531687704,0.8347155037738335,0.9501855646971411,0.019635882903136972,0.9088531361336892,0.9170407048585844
46,7,0.00837614908094812,0.8519899049457503,0.9602296317032836,0.021367699092747095,0.9095642352493427,0.9224149121775529
46,8,0.006983491892170245,0.8651500329225849,0.9669136243846217,0.026926489382543984,0.891079892993418,0.9200610168263017
46,9,0.006081564783027117,0.8723163067120977,0.971258461997071,0.018861080895636834,0.9095205877466931,0.9178294850280901
46,10,0.0055602879789640285,0.8687744539785989,0.9737581802929836,0.018218639336683898,0.9211934907782513,0.9218368654787371
47,1,0.04961687585581904,0.6317338540410247,0.7401379380884097,0.04960437023135669,0.7970316496610494,0.8792452361384401
47,2,0.030556678514934668,0.719987189770062,0.8477565535286838,0.025455115590696496,0.8845115013398366,0.8854418739755245
47,3,0.025601894335490292,0.743041140285299,0.8741262023935464,0.027354061244028238,0.8752384300562359,0.8790770297584936
47,4,0.07519233589622215,0.3742377333708603,0.552812655826155,0.13158838960396893,0.013801153795641175,0.08016732857473485
47,5,0.1130490786623076,-0.001442507491415057,-0.01510785288051041,0.1127691238789874,0.0,0.35456485254214987
47,6,0.11274313817543659,-0.0006934660574700047,-0.025158095274255637,0.11348193966071396,0.0,0.4404258506154863
47,7,0.11187316338568644,-0.003228159926866425,-0.007929165087997623,0.11482445271137882,0.0,0.47285672849828847
47,8,0.11092854361622005,-0.0022517160655477486,-0.01087677405236465,0.11446971090181786,0.0,0.4914644628736952
47,9,0.11021315067344555,0.006111896239747616,0.021697769933316048,0.12386869611766409,0.0,0.40667864490235245
47,10,0.10986779517509987,0.004820900078302159,0.004200324091361203,0.12840621252818143,0.0,-0.47595184361828713
48,1,0.05085507307180938,0.6263180781551747,0.7393422423537607,0.030316145198251914,0.872283537829355,0.8890410465618344
48,2,0.027886811502181214,0.7322110279256888,0.861355285704601,0.021277124515001883,0.9063997273927378,0.9056783251123366
48,3,0.020305660015735943,0.764630706022682,0.9009212142083904,0.023616477029624067,0.8964567414472066,0.9124045995468465
48,4,0.016101797263783673,0.7936833059474568,0.9220798808476655,0.018661646270843716,0.9143330119389452,0.9148695063897153
48,5,0.012586958050394278,0.8230745895183507,0.939592443965575,0.02175661923341549,0.9007072265879531,0.9076754677768104
49,1,0.05271396435738237,0.6250124026866127,0.7225422712295155,0.0529303538325407,0.8062839986895496,0.883729923143322
49,2,0.031622807374857585,0.7159654617954849,0.8425319729837332,0.03370706469371833,0.8519764224258185,0.8999266563407402
49,3,0.02642531986473769,0.7393861533972267,0.8702418926934865,0.02066063275860335,0.9031785314930635,0.9087675815842963
49,4,0.02163022575703659,0.7697498366611654,0.8948148552492284,0.02751135213967406,0.8862468048373511,0.902450696579529
49,5,0.01861723643054444,0.7906037085602216,0.9102848803712611,0.025783565255765365,0.8797006055708618,0.9124745346094921
50,1,0.05283571272143928,0.6282540537567309,0.7244767220676164,0.05863975293023566,0.7725200397098817,0.8632852627707863
50,2,0.035032494850359884,0.6928538629972715,0.8235122493520063,0.03454728813470437,0.8086337656565797,0.8691625891820791
50,3,0.03193074516425638,0.7239154941338566,0.8396095792260173,0.029970962413833204,0.8589181300405532,0.8619450829749252
50,4,0.02826946339920332,0.7343258104818651,0.8594226001816565,0.026522188565543142,0.8709142297358489,0.8777629777981093
50,5,0.024840081091038222,0.760665588647552,0.8773899773255708,0.040639182638294774,0.8013643233399766,0.8767006502418011
51,1,0.05085507307180938,0.6263180781551747,0.7393422423537607,0.030316145198251914,0.872283537829355,0.8890410465618344
51,2,0.027886811502181214,0.7322110279256888,0.861355285704601,0.021277124515001883,0.9063997273927378,0.9056783251123366
51,3,0.020305660015735943,0.764630706022682,0.9009212142083904,0.023616477029624067,0.8964567414472066,0.9124045995468465
51,4,0.016101797263783673,0.7936833059474568,0.9220798808476655,0.018661646270843716,0.9143330119389452,0.9148695063897153
51,5,0.012586958050394278,0.8230745895183507,0.939592443965575,0.02175661923341549,0.9007072265879531,0.9076754677768104
51,6,0.010348369495183187,0.8364828238735529,0.9506047417863402,0.019977652620796375,0.9114613496004673,0.9122404293748758
51,7,0.00790556976848413,0.854600836618435,0.9624507512627867,0.019338142668696972,0.9121289802284748,0.9126307105867001
51,8,0.007909586566950347,0.8594263511153345,0.9624715934531485,0.02523967244076844,0.8939874082514492,0.906127738668353
51,9,0.0067440860526706,0.8618695170289107,0.9680577372260213,0.02464293100959313,0.8762762298339163,0.9154170662919536
51,10,0.005698017560563613,0.8726763317726256,0.9730790309091693,0.020833458504485487,0.9154527888931211,0.9155765714805021
52,1,0.04777509033911472,0.6400352239522875,0.7515849705007936,0.04475255529498955,0.8333731080446583,0.8814781793726117
52,2,0.029938935990456758,0.7151289571358561,0.8516323255102548,0.026451689122682986,0.8869254635681032,0.8986952700898169
52,3,0.024426834052604658,0.7324750644932779,0.880655337357539,0.021677679941229357,0.9023732259436836,0.9023895366183863
52,4,0.02006702466244745,0.7815283655831682,0.9030104547486641,0.03177614862986101,0.8576466998248136,0.891242960010192
52,5,0.01810012222299322,0.7850430726546288,0.91280249107295,0.03044775301575154,0.8608607254816094,0.9020138069743633
52,6,0.01619856379594344,0.8014691183404055,0.9221095352303876,0.020518763105107665,0.9119420604856815,0.913309629098817
52,7,0.012404708203553515,0.8258259589803582,0.9409450263549782,0.026045007117157664,0.8873581329189716,0.9032767421887518
52,8,0.010591227172680035,0.850192681852907,0.9496458438516721,0.02284005872420761,0.8973658198286898,0.913133940701017
52,9,0.009588412495231442,0.8265462645053574,0.9544638620301112,0.020893819850136747,0.89660950004642,0.9043741146000913
52,10,0.007647958837192843,0.8539456177183414,0.9637776457694792,0.026742476105830387,0.8763166669913786,0.9033643513046349
53,1,0.05941354634232787,0.5983924973135896,0.6958441386415568,0.03672046907783678,0.8529254408942527,0.8791271742838894
53,2,0.0346649141491944,0.7087413662822708,0.8259295721620473,0.025098971630273702,0.8812471161894364,0.8912283445248679
53,3,0.029547855191280236,0.7276798049880957,0.8531486891946594,0.024470542113276143,0.8930355459507239,0.8932594458839708
53,4,0.0251089678102922,0.7440953844402709,0.8763265381786505,0.03467556462890249,0.8516658687890183,0.8708566868188842
53,5,0.024072694621226683,0.7541868089020793,0.8815982904076164,0.05208885656515229,0.7270347286302279,0.8378252948052093
53,6,0.026422009710940452,0.7451753273547015,0.8686849803406519,0.027065438075463615,0.8766468415231108,0.8868004534618991
53,7,0.018975991903883906,0.7899181912048926,0.9075330836743173,0.035601103293147925,0.859443961653129,0.8872845705075691
53,8,0.017250201392614913,0.7972399391268555,0.9162667665786901,0.026410718566587416,0.8878668899174142,0.8951126594322487
53,9,0.01375196398761707,0.824380453686343,0.9338119107199877,0.025862976570779746,0.8670746662506961,0.8803897877525141
53,10,0.013816687528328476,0.8107425643504167,0.9334145019400845,0.029230785446142202,0.8701731329285647,0.889422400185911
54,1,0.050217411889287945,0.6353929988610933,0.7414988461713861,0.03767384364105323,0.8590002269089966,0.8874039981606623
54,2,0.028403539071475737,0.7197975771756071,0.8587384458119414,0.023725714537945083,0.8872987553164952,0.8894133376728093
54,3,0.022791992558698067,0.7595792202271838,0.8882174367545841,0.021029714967452866,0.8986278525841184,0.9051798422561813
54,4,0.01925065865676801,0.7623467906116244,0.9060742156427162,0.019932435486493084,0.9049024308932914,0.9082312832766515
54,5,0.014569835530704905,0.8107797169401754,0.9297140909518629,0.0290609582888839,0.8836535037139808,0.8914563992869386
55,1,0.04900472780288195,0.6422368483807889,0.7430821030732923,0.030491645037032226,0.8757123052951024,0.8926529584644758
55,2,0.03079623948441139,0.7266035592003011,0.8469303806423434,0.031258734470397675,0.8817631822835635,0.8857914029293122
55,3,0.025014430738717938,0.7429197470282642,0.8779697848706994,0.02176471961566302,0.8990266104917,0.9004420510250558
55,4,0.019797401532217408,0.7749566078903682,0.9044817597483839,0.02495036556673072,0.8892106946302876,0.893957976542934
55,5,0.01680553063709775,0.7931227966764529,0.9195702836847266,0.022613818699028343,0.897451097098848,0.909048340535962
56,1,0.05250626233043695,0.6254195395316344,0.7277412619082837,0.045548495720140636,0.8156407786801777,0.8772235990902489
56,2,0.03243336544657348,0.7152094263745211,0.8384450179291904,0.03375322440200869,0.8573673240416275,0.889277713284104
56,3,0.02540560614754268,0.7466024196754832,0.875390464582144,0.023207469480386114,0.8921875146907859,0.8940353525537846
56,4,0.02282472779775841,0.771641706268815,0.8888493396112896,0.022353160943192264,0.8868034258028392,0.8963577749028117
56,5,0.019984542897467577,0.7827873040141387,0.9032683974574153,0.02421885240576504,0.8921568301627127,0.9016406998135384
57,1,0.04745169035035814,0.6530860296315191,0.7550078821137929,0.04594318734427147,0.8234285801478166,0.8750646169882038
57,2,0.030035941179803027,0.7127622824730226,0.8497736190100126,0.022871022876215112,0.8852865418219569,0.8952837348400604
57,3,0.023651110462136637,0.7463289893990785,0.8834382501454328,0.021707284353289974,0.8979466401937055,0.9098529081895984
57,4,0.017413974660387112,0.789438702382168,0.9153233420601388,0.020268843759207383,0.9026140456037948,0.9072150290699447
57,5,0.015163091508696288,0.8016372415304345,0.9267470622082069,0.023525277572095066,0.9011523870693939,0.9072943072743691
57,6,0.011307378378043142,0.8318477477579448,0.9458179962404263,0.018759547035990504,0.9173666263366491,0.9194060014231867
57,7,0.009725932682387263,0.8427425879307165,0.9535971353773286,0.021977830303298748,0.9087882603479764,0.9115940631394027
57,8,0.00842290071738419,0.8526667595042473,0.9599311899162206,0.018930521918638775,0.9178756126824781,0.9205870060688057
57,9,0.007358368745624723,0.8648243415391206,0.9651073501411995,0.01862129417157335,0.9116186117416722,0.9138673645050236
57,10,0.006107756097771101,0.8651236437944777,0.9710938616981385,0.01827700443134424,0.9153859254566624,0.9173332056595805
58,1,0.05271957013606391,0.6316211832386525,0.7351012998044143,0.05427559784284847,0.8008244233895049,0.8865398304755079
58,2,0.02781691652544843,0.7275009979281112,0.8620734883406969,0.024375076427959892,0.8813340757140089,0.8951392708584516
58,3,0.02158310430433376,0.761054631127205,0.8944940804950947,0.02293248852947727,0.8866393513145873,0.9101076387643512
58,4,0.01749201406875937,0.7839158538107467,0.9153025060175851,0.021252120839883846,0.9002339828886824,0.9031909858102363
58,5,0.013583379481731613,0.8148101667151048,0.9347060106971442,0.027596745201769995,0.8781316570075482,0.9084768111948686
58,6,0.01328502156259404,0.8206354050113587,0.9361186104331921,0.0183199056516648,0.9168941323307858,0.9186928314939216
58,7,0.009366471351310083,0.8522702056198497,0.9553515256866801,0.025734778507338726,0.8931199551842729,0.9053517552914301
58,8,0.007652673777126811,0.8649562831067713,0.9636805649400015,0.023909731410265735,0.902906839711069,0.9207699793586586
58,9,0.006577320131389618,0.8782544084106425,0.9688613096538599,0.019298962539965835,0.9066770792462799,0.9109086394261057
58,10,0.005995840400335025,0.864340626514716,0.9716837213175739,0.01951356859268237,0.9108626100896035,0.9124577189882854
59,1,0.049536452645397196,0.6246464123816065,0.7411105132833258,0.04001773554859135,0.8311925782147956,0.8793722832167015
59,2,0.030303062358783075,0.7197337688232278,0.8491173465260479,0.026655170737820512,0.87227814304601,0.8870029599139677
59,3,0.025940604486796717,0.7211238332909822,0.8720895477547926,0.02340984272236443,0.889631274356826,0.8918103622575015
59,4,0.024283520142778417,0.7428690814133734,0.8808105863259629,0.027725444747107652,0.8634804615006169,0.8731690183058443
59,5,0.025049981123407766,0.7509171784119603,0.876309788633805,0.03140313319711234,0.8572332700715593,0.8919307795634981
59,6,0.017880361297784905,0.784944745648885,0.9131969107034903,0.024504343078553897,0.8924158688950128,0.8975107471942948
59,7,0.016070009928393848,0.7850712473086654,0.9223607426140501,0.023284873438944274,0.8923231394782581,0.9033023055877991
59,8,0.012249645996013117,0.8262691449198445,0.9413176334753824,0.022124095272053692,0.9041824363169645,0.905002240395134
59,9,0.011807613602279561,0.82434672185119,0.943527188546473,0.024843115345848835,0.8742066882602784,0.8842937212721371
59,10,0.010191133109934537,0.832560242666315,0.9513726240371586,0.02194681257927133,0.898644089701057,0.901364764166075
60,1,0.049720344658891955,0.6463816692704635,0.7477910739082254,0.040711242871218606,0.8528023181243964,0.889386764668393
60,2,0.027831790722961165,0.7298278951392931,0.862887487518167,0.02119337353788604,0.9025331913517828,0.9083331128222729
60,3,0.019162839138203668,0.7716253553306236,0.9070985001562551,0.020623963633196955,0.9033886538537074,0.9062685440161348
60,4,0.014012713107689317,0.8144459823842858,0.9326727586288874,0.02358516510867048,0.8956140206204632,0.9089722531977869
60,5,0.010641888351157543,0.8336477987421383,0.949208207218701,0.030294915983497903,0.8796869644890699,0.9056732429987372
61,1,0.04385976919561927,0.6612715141289951,0.7741746126360419,0.04432599288616877,0.8384238809406971,0.8919503757073513
61,2,0.02876659214879749,0.7384353367761785,0.8584171225791922,0.024550586330566577,0.8909398168001552,0.9059547825209663
61,3,0.022555131434717362,0.7583821599192044,0.8906535168819416,0.022697578217690428,0.9014771423007601,0.9036148739897546
61,4,0.017205927129367797,0.7898355234531372,0.9176492636130325,0.02798018924659118,0.882757172364671,0.90093297368734
61,5,0.013638382570241272,0.8205651012124386,0.935056574220422,0.030699003913254915,0.8703110441869725,0.896493634055671
62,1,0.04795503382825659,0.6408237686002113,0.7522517822447717,0.07963586046346738,0.6645216432829426,0.8312101949214749
62,2,0.03563511569661639,0.7214127372211427,0.8215573155308384,0.029399473889070042,0.8527172321705069,0.878651046683402
62,3,0.026348675804085932,0.7356892224884457,0.8701726691407281,0.026829879720560924,0.8751158975333677,0.8795074288275159
62,4,0.02313375484725887,0.753556152675464,0.8867928146077426,0.03153013646549559,0.8707884564494194,0.8901775647422197
62,5,0.019875483123235897,0.7756921597504325,0.9032879779859826,0.04481308463865014,0.827405560668373,0.8843166707937908
63,1,0.046792665558527374,0.6607395654198059,0.7615079780788413,0.03515021513842786,0.8543368392885398,0.8867075661544206
63,2,0.026096960195891868,0.7308873590323869,0.8716693615702552,0.022339548540698802,0.8974890981838681,0.9026201409951912
63,3,0.018735998503535828,0.7725843187123959,0.9089851350320599,0.02356436825100579,0.8895023877423458,0.9070637286738791
63,4,0.014102726592847352,0.8065957880973884,0.9321522692069606,0.01954218012334048,0.9078944592863483,0.9103914702773881
63,5,0.010673582264737051,0.8351950244134541,0.9490238947448645,0.02311756158066119,0.9013941624164058,0.9091412300347022
63,6,0.008172530385111357,0.8460303077114362,0.9611789220451536,0.01736853731370716,0.9205503651690452,0.9217231897344628
63,7,0.006466259054393921,0.866276053902682,0.9694057647317827,0.017601966842930243,0.9179683978642244,0.9218618395585563
63,8,0.005304119173583812,0.8712975174626792,0.9749683994490683,0.02184297848511693,0.9013975440668942,0.9130896031154512
63,9,0.004688460621499766,0.8761941552655621,0.9779012747564185,0.018135923337574827,0.9112146886425851,0.9169524197885329
63,10,0.0043111565657819265,0.8799841471267138,0.9796933582916075,0.020003293925101924,0.9091591457009169,0.9154812509863559
64,1,0.053687402232623145,0.6474333522404991,0.7307288311802276,0.04552951227335999,0.8254412498325632,0.8903650664013913
64,2,0.02948861106134694,0.7352201758676784,0.8556134394082738,0.020194318563881097,0.9083421056458378,0.909069381852826
64,3,0.022297783382027894,0.7539931048853024,0.8921945265801472,0.01943081087376734,0.9118083826778882,0.913549720440839
64,4,0.018363826790022828,0.7898355234531372,0.9118210488136734,0.02120240057229239,0.9042522423903638,0.9067515159925831
64,5,0.014268469612266198,0.8155807984683398,0.9319872291264545,0.03293590409114532,0.886159998722127,0.9128842234631147
64,6,0.01138518376972876,0.8303674836743086,0.9458472629995521,0.02056643212071161,0.9103034110357956,0.912950984611483
64,7,0.008536765138866883,0.8419821188283763,0.9595650544708986,0.019571480159142726,0.9094583431436402,0.911269993383534
64,8,0.006902130186454998,0.8588055291362322,0.9673537179048254,0.020004905225933352,0.9126722910144204,0.917787427246236
64,9,0.007131375706801279,0.863079260143288,0.9662405659276384,0.018876469076798564,0.9086882298053286,0.9144779498601805
64,10,0.005415844259178745,0.8804989295529618,0.9744307091780533,0.021567989925696404,0.9073457776030669,0.9159747703420176
65,1,0.05116816406371072,0.639535039080767,0.7317096234893808,0.0351774149068112,0.8330045759647172,0.8588080510582564
65,2,0.0331271963943285,0.7105214156238482,0.8333665320416802,0.029456408949579994,0.8685265798081143,0.8796848213342986
65,3,0.031853868401810065,0.7074482035142933,0.8399840523088151,0.028861891956159312,0.8763829741154989,0.879938545793181
65,4,0.03306328570142315,0.7056040122110772,0.8327680904696981,0.039323141760713255,0.8139458782574442,0.8696164292629012
65,5,0.024698188060976088,0.7495255682784744,0.8778156311660136,0.03373024856067358,0.8574306718793294,0.877797746606939
65,6,0.019972483831596326,0.7784790622932224,0.9023185110444634,0.039459754297722076,0.8693260182660771,0.8791795509482244
65,7,0.0197539543391072,0.7757734891501007,0.9034015876672163,0.027612510754378865,0.8854180430112879,0.8903170090911848
65,8,0.01844492583372322,0.778175279268933,0.9100205028065376,0.03665161821717287,0.8396013753128371,0.8799902024339741
65,9,0.014777808126155353,0.8013522336575223,0.9285658002144557,0.030430421730510287,0.8399798831000735,0.8590258665781764
65,10,0.014939526454935901,0.8168289442485237,0.9277157553384257,0.024843715351273526,0.8770177282027598,0.8890850186786606
66,1,0.052098002731060654,0.6422061253645034,0.7304014161869014,0.045816208646797085,0.8359541462150533,0.876164687696132
66,2,0.030481502362694205,0.7124229470118741,0.848729745996858,0.024096987025319216,0.8944307295465315,0.8954857133909186
66,3,0.02219228602687006,0.7638276454329338,0.891907894737711,0.022611505297176978,0.8909238939359994,0.9026443818554768
66,4,0.017095370042324417,0.7921943803930923,0.917554937624523,0.021262440498343065,0.8961248626311019,0.9092142713984036
66,5,0.012471454360633244,0.8072544224588606,0.9402104730300457,0.02599342691931216,0.8909122947374531,0.9069784548948078
67,1,0.04414934141689908,0.6525357158518705,0.7729555638864158,0.049340041025596505,0.8258842287449211,0.8887720972049621
67,2,0.029413384105041906,0.7338498691889717,0.8558334631216502,0.027308707118636984,0.8878708947954026,0.9076251198691186
67,3,0.022103466708846883,0.7561413572323759,0.8934996976885783,0.02191118893268354,0.9019440955322986,0.9070074963739942
67,4,0.01745699579072218,0.7957598537410717,0.916906464773663,0.020327891479931113,0.9035205613191011,0.9096561366955135
67,5,0.013210219571618663,0.81388489588639,0.9373290918084594,0.029573093860081452,0.8802127259592409,0.9076465114778083
68,1,0.051229879041977004,0.6362623292867982,0.7392387507155759,0.047198007061310554,0.8285168256527177,0.8926871194793216
68,2,0.028890639760959295,0.7397591252222774,0.8577518418030253,0.03576359757468762,0.8614971369682294,0.9034916007649574
68,3,0.02309075274085714,0.751708057489146,0.887441315709013,0.025633563383427614,0.8833691031913925,0.8836492543380572
68,4,0.01888203800661183,0.7977223940606579,0.9087744321045108,0.026066064892802387,0.8642622964903318,0.8794159858398981
68,5,0.013530279668831462,0.8015982632420238,0.9353310674128982,0.0346772426410633,0.8504837664689051,0.8879190896156237
69,1,0.045474151501498965,0.6488434241654254,0.7650939264320067,0.04088810556705164,0.8327563188076408,0.880161917767903
69,2,0.02529297613306411,0.7450966574611941,0.8752515488321027,0.02256964865784325,0.897371086406291,0.906232903510348
69,3,0.017677230834617634,0.7786527065149478,0.914124484806781,0.021321442714371884,0.9016036942866211,0.90242284523453
69,4,0.01329250255388794,0.8105565823440258,0.9360857471664548,0.0198621182147797,0.9063593617281175,0.908859498822986
69,5,0.009744065467335129,0.8374480166196004,0.9534914076642692,0.028235422163133454,0.8789382103912438,0.9058738069740255
69,6,0.008296953763443948,0.8487533167511503,0.9605597193836172,0.020804263891049606,0.9093042355259556,0.9111269202654634
69,7,0.005970902960637007,0.8759030219438572,0.9717729644397882,0.02106811709681471,0.9091305919940568,0.9090458723955438
69,8,0.005318391129672914,0.8881709741550696,0.9748843365275337,0.021804196263581294,0.9053353861073845,0.9064591411695381
69,9,0.005006645493914016,0.8786446287207837,0.976386502794524,0.01777934403884608,0.9159186077217365,0.9184904390174452
69,10,0.004500120132743418,0.8802420915386321,0.9787961631531328,0.020074577603201547,0.9118838160270956,0.9191914430695936
70,1,0.04041870795049492,0.6658479800003816,0.7921045070644248,0.051146164700827175,0.8208794180944737,0.8982697540199713
70,2,0.025544692980062168,0.745374642560124,0.8746225953671236,0.021972891092231935,0.8986804707675426,0.901621015516836
70,3,0.018863755165615132,0.7834369551816597,0.9091091635677311,0.018918172785026187,0.9098101271474045,0.9148711015266459
70,4,0.015734405020896226,0.8064573314474305,0.9248228182393833,0.025296155507128465,0.8925682941861266,0.8970467866323812
70,5,0.013046009500822605,0.8306996042817394,0.9381042354331848,0.027277026863029116,0.8892163905666542,0.9054991292922104
70,6,0.010077777156687302,0.8406584510886959,0.9524781054527114,0.021373424399986535,0.9018564299218773,0.9107274246181019
70,7,0.009266035283813588,0.837252514836879,0.9563698186567994,0.020349878187784377,0.9096730118064597,0.9158200088807844
70,8,0.007726582380527514,0.8447939274711965,0.9635961734409004,0.020819168721038082,0.9056985960155851,0.9158129828236585
70,9,0.0066695657353196824,0.8572721871462898,0.9686188872265902,0.02750879416913342,0.8743012474950915,0.9093280400901342
70,10,0.0053646508470047375,0.8818367477184249,0.9747459055385013,0.0254255126860431,0.8960036601201916,0.9103848943133821
71,1,0.046726968705421756,0.6497047684823278,0.7615396049022548,0.03728997171856463,0.8557697167705881,0.8890721717779981
71,2,0.02672525032358297,0.7538073274736751,0.8684145215777935,0.022772815660573542,0.8943498092553605,0.9007359824704683
71,3,0.022046500274696738,0.7607595916717966,0.8926393308729821,0.024125811647322467,0.8917854749635137,0.8928533105930911
71,4,0.01845661930727556,0.7827357460902536,0.9107117395875854,0.027422020157032153,0.8716325853297832,0.8906869293762554
71,5,0.01686210188469348,0.8064193637224463,0.9187388407820571,0.025695237899473047,0.8888516246134837,0.8999306857015194
71,6,0.011611521213679858,0.8283718070116535,0.9446559984897391,0.027563563869882596,0.8844447033562678,0.8976262801060637
71,7,0.009741518090369923,0.8401135529066155,0.9537137979110202,0.025177700136897758,0.8886043508513777,0.9007664612023535
71,8,0.008468940102544549,0.8517293012441638,0.9598429676015693,0.02769592931658468,0.878266472266314,0.8856114708730796
71,9,0.008943068816032549,0.8403324444578173,0.9575154017144656,0.025800546487409842,0.8619329736517269,0.8863982408800284
71,10,0.008018933205899654,0.8622452816708094,0.9619495405323514,0.02218430657932699,0.895394323559866,0.8982526411159916
72,1,0.05235262108130014,0.6099355929228527,0.7265749000205554,0.06316411084159934,0.7486637486921057,0.8632545035004584
72,2,0.03182008782212314,0.6988731179035317,0.8405911363450294,0.025398369000065618,0.8864678388801714,0.8876455646953411
72,3,0.025175749376748068,0.7206165739748691,0.875763488351348,0.023977459372391048,0.8841271132473428,0.895277969329856
72,4,0.02045336766138766,0.7667072733110469,0.9000772996855227,0.022692104838129393,0.8907516570093916,0.8961045031990853
72,5,0.016664650184252002,0.7980367869141751,0.9192767328028377,0.03708864764998639,0.8535004519678687,0.8996819012819756
73,1,0.05170875253451377,0.6124976041324682,0.7264592263105688,0.04904552730851505,0.8013706539764587,0.8757009357409226
73,2,0.032776002528923626,0.7031881928067717,0.8353928284646094,0.028228084157008733,0.8734499854635517,0.8939258432130436
73,3,0.025345332818921713,0.73716512153481,0.875598155616358,0.02612907081364777,0.8776199119412256,0.8915004082414003
73,4,0.02103148951233802,0.7672296901734017,0.8977897621009465,0.03397276288973551,0.8562031221190003,0.8902328715116796
73,5,0.01860187746053652,0.7995917536499033,0.9101727211087055,0.03670121871640303,0.8557654030581577,0.890943974849624
74,1,0.05814538079118955,0.5763851287809271,0.6895173567934165,0.04062614076139974,0.8228089726245545,0.8589621585402907
74,2,0.03913819109918664,0.659257151990988,0.7993565758206465,0.033268894595333706,0.8402717148376835,0.8591610322123945
74,3,0.03552031053969811,0.690896048493601,0.8196125492358401,0.03662928778195398,0.8445203385291921,0.8443496390212285
74,4,0.03170520790258096,0.7127019995822335,0.8405316881643845,0.04224126542871933,0.7890547147431476,0.8493456504321285
74,5,0.03914113132028804,0.6835123713422325,0.7980531907352133,0.06751932279418243,0.6943120029786894,0.7695496352273776
75,1,0.05081427976586336,0.610014687245277,0.7365891345520283,0.038920791966494804,0.8321103220032476,0.8705439315069579
75,2,0.03007205534073443,0.7095736718325538,0.8495654659263754,0.025860769233986503,0.878664053560096,0.887540554748336
75,3,0.023641612429460307,0.7557608395366351,0.8838236954653697,0.02610998459995779,0.8732417041204914,0.8992472706330226
75,4,0.01832015050528593,0.7843400008304487,0.9109774380356388,0.027729188329163556,0.8745239349421966,0.9039793080903584
75,5,0.014343688674920578,0.8007060055681763,0.9308997139899267,0.027592716786945377,0.8809667674695841,0.9004363509949401
75,6,0.011790448248936604,0.8256519102486355,0.9435516652383622,0.02245612877253306,0.901855907042,0.9121911069462122
75,7,0.009244493078917422,0.8502805787595109,0.9559990751776156,0.021190485893277905,0.9002793310391601,0.9070472437541417
75,8,0.008966467351674579,0.8456982954267455,0.9573840849247988,0.02110001643279033,0.9036094429141306,0.9097873590950174
75,9,0.006819885636337129,0.8608485868785065,0.9677073140102999,0.01857817120767055,0.9121588900312879,0.9144328869800277
75,10,0.006425048996484662,0.8718069618469746,0.96960542516607,0.021881533525254994,0.8959568709775791,0.9091279959365945
76,1,0.06660596123309621,0.5382129752770999,0.6574422515572229,0.04339861256042187,0.7706939564225306,0.8406886115879261
76,2,0.03602129767674404,0.6826285232593021,0.8172122721386862,0.02700719783666393,0.8665059442609473,0.8838602214617393
76,3,0.025462373492236658,0.7314761349440878,0.8738965799789188,0.023582260233845718,0.8888067363005087,0.8915947531610408
76,4,0.020237262295749407,0.7681376271929328,0.9011556636306569,0.02896147545251391,0.8650597419927274,0.899671475425852
76,5,0.01587287409496027,0.7963615178131083,0.9232696871977574,0.03518559912267579,0.836554299634795,0.8842975563007088
76,6,0.013717547555804862,0.816564549777285,0.9340369747646314,0.02414882306702031,0.8941365047126374,0.8998741623727297
76,7,0.01029848203510627,0.8347191416057737,0.9508425274850797,0.027397336469114048,0.8695325698731314,0.8841894328029682
76,8,0.009264245320164934,0.8311810202321824,0.9558744029249899,0.02666193183604799,0.8854557155068358,0.9033656537239032
76,9,0.007915262566311454,0.8694118950091422,0.9624406855425861,0.026255506842169457,0.8689932838204636,0.8828865816782251
76,10,0.00786027371051361,0.8623260437375746,0.9626981796073166,0.0280508961984785,0.8751193086939677,0.8940916171550204
77,1,0.05666597364848878,0.5852127896168475,0.696346212905926,0.04257158476085512,0.8173129561001217,0.8462518306506962
77,2,0.037065949459878324,0.6842007201712592,0.8107841323393945,0.031446915079654636,0.8615156549840091,0.8753876455034608
77,3,0.03741123902309723,0.6971615571277214,0.8136818723984934,0.028123529866955804,0.8619715973572323,0.8686154371627685
77,4,0.025607646165280523,0.7415436706775289,0.8730333977453608,0.03030175535412341,0.8531348311325282,0.8641162490145305
77,5,0.021449155438853566,0.7757873651539237,0.8947825915341288,0.04907097963961646,0.7954543071996036,0.8705055940123709
77,6,0.018463102419633334,0.78864622964074,0.9100469981536146,0.03540112810579183,0.8628426031792452,0.8821042325377608
77,7,0.018456011611827108,0.7876051936470028,0.9100910973099248,0.0336193756400676,0.8698533839875101,0.8724860280286869
77,8,0.015266147191079606,0.8178051505418147,0.9261703806390471,0.03412555426150314,0.8557422331994268,0.8868966831036076
77,9,0.013512912667226592,0.8179480748705454,0.9349291432454633,0.032247507525840664,0.8376312422094536,0.886880369808938
77,10,0.012064378658632087,0.8324946000655908,0.9420527422604562,0.027713961211916553,0.8704834340149964,0.8797937898609234
78,1,0.053793223687431765,0.5953205448625964,0.7189186800891846,0.04974874836283133,0.8052421891891811,0.8522541783365426
78,2,0.03942377514219957,0.6737049256126932,0.8012200211792743,0.026518905764746973,0.8697640218745142,0.8933152020528848
78,3,0.028504494861972523,0.7181963552409969,0.8585935821803987,0.021860574108466285,0.8932984117946746,0.8988916318128718
78,4,0.02367687255578971,0.7477736822427083,0.8838874436839715,0.026300069064531913,0.8792353023741161,0.8795716700571775
78,5,0.019517123040748454,0.7766983965097173,0.9051920270652212,0.02658814877299044,0.8831141633420134,0.90316739202345
79,1,0.049987046562121135,0.6368234838327402,0.7363949527615742,0.039180762699449104,0.8448415185625502,0.8754761218955385
79,2,0.03226314372398903,0.7121334931598075,0.8388589353460988,0.025087413491051206,0.88471822004563,0.8938142738439482
79,3,0.024766702782838042,0.7457009943638835,0.8787915190485287,0.02316868066897287,0.8829356373290014,0.8922394272128461
79,4,0.019864541934433416,0.7796091538784193,0.9041853218477663,0.025626188322134754,0.8888754238678028,0.8926725095539421
79,5,0.015485875941645742,0.8106310189925306,0.9259436009095665,0.025408791246317217,0.8839111074027214,0.8869571287279268
80,1,0.06367630262670788,0.5680632248949924,0.6665517950292956,0.04784028415622957,0.7740064233740874,0.8362148724891846
80,2,0.04083329352897034,0.6669626138051269,0.7900517776273601,0.04690363214296453,0.7214510743984949,0.8412631779239029
80,3,0.03486728662667208,0.6911797703667363,0.8234958223071766,0.02532168460311368,0.8747813188578065,0.8820584422199111
80,4,0.02587075745299571,0.7365268951751617,0.8721643862138312,0.028675781638251945,0.869241619281997,0.8763384866573003
80,5,0.025308201830026064,0.7323693202197346,0.8751281776340594,0.047777056762510366,0.8146833160225087,0.8723982330130289
81,1,0.04982163049263038,0.6228875749570177,0.7368286049504332,0.0444477691917735,0.8142178708795618,0.8676880255138386
81,2,0.02937301971099299,0.7131608238070007,0.8529015245412831,0.025178085663355887,0.8825345120019539,0.8932232405186691
81,3,0.02368477894660501,0.7425961338205502,0.8833096212583249,0.021568533996982938,0.8929530911801042,0.8994166959988386
81,4,0.01906934809331414,0.7716866626031189,0.9071015721721108,0.022315508958212483,0.8949373036085106,0.8993049896654705
81,5,0.015382375251255324,0.803982447737327,0.9256941463216384,0.025444460539695096,0.8819624486261066,0.8978719197643507
81,6,0.012287513836637308,0.8225588223100783,0.9409969162617094,0.020212339429075226,0.9099056429126482,0.9097563275396869
81,7,0.009149701566486453,0.8493446949617081,0.956405567527635,0.026822354432250207,0.883308689784424,0.9077057420192547
81,8,0.0077057450984222625,0.8493446949617081,0.9634081861530566,0.025960570136222112,0.8877604315250526,0.903919378080884
81,9,0.006488761379135269,0.8646051698986346,0.9692754924872191,0.024229060968055445,0.8886084871833726,0.9079676304196699
81,10,0.006326070907078983,0.8666819633406432,0.9700533826155582,0.019965188974952874,0.9110170231464123,0.9125387535190547
82,1,0.04871123434187024,0.6198626089807371,0.7423604033916986,0.059160330805324894,0.8144799382926968,0.8676202084106994
82,2,0.030810017953406744,0.7161080748969351,0.8456600542588508,0.025595862723147386,0.8819897221350381,0.8905765388219224
82,3,0.02733627684583398,0.7221103153757488,0.8646540700882351,0.026225889373830902,0.8806473104634884,0.8844443239567008
82,4,0.021261832989322722,0.768070835109051,0.8965226591885871,0.027010872362606117,0.8788730034957524,0.8969352003846035
82,5,0.0169387228561597,0.8009399847224261,0.9183123276605517,0.026112301136462894,0.8804426456490507,0.8899513272512098
82,6,0.013839732976154985,0.8180551210484458,0.9338111487979611,0.02753716879798209,0.8844606872554932,0.8960822982954204
82,7,0.011719964887411642,0.8364811133200796,0.9442160407607691,0.027519198942600805,0.8827712656790953,0.895674723982103
82,8,0.010634976492214081,0.8303674836743086,0.9494564091461106,0.026506063935812563,0.8922351682483539,0.8978698246468919
82,9,0.008919160703830033,0.8525009857488876,0.9578576342588285,0.020621664170689388,0.899811151483374,0.9057268483089091
82,10,0.008312327686049368,0.8572721871462898,0.9607443428833519,0.02372295271796996,0.8981264882412976,0.9060170971321185
83,1,0.05643999460989536,0.6076613206836834,0.7078909083882942,0.035454210969071615,0.8731867632040602,0.8813270584213142
83,2,0.0318821737070045,0.7098299570636857,0.8404257614018475,0.02710590825881809,0.8659124608634441,0.8807555661480467
83,3,0.02416422235293557,0.7378256756603966,0.8813034970283629,0.02348408248165951,0.8899566778425778,0.8921016516212302
83,4,0.02033729240406544,0.7733696777959814,0.9011578487054621,0.02567266600946074,0.8789046781625419,0.8838245590549798
83,5,0.017257482023814618,0.7856749820037463,0.9166164250736765,0.02341415898391621,0.888617559481879,0.8943078218829031
83,6,0.014292826782515896,0.8113352605290002,0.9313535126478835,0.026522508236880907,0.8890114247682521,0.8912433868994298
83,7,0.011311574982319005,0.8454878264103595,0.9461022548175276,0.030121395367827705,0.8741445308287614,0.8789264758226946
83,8,0.011749139395832931,0.8280150040780122,0.9438536047557129,0.028076640429550454,0.8877264279165735,0.8900331031760481
83,9,0.009869895241551616,0.8458792747613803,0.9529939191457931,0.021810890267849627,0.8948148768157179,0.8999761795994482
83,10,0.01118847680461218,0.8415302296663338,0.9465049544817508,0.024707160308025777,0.8817909535812283,0.8844185841731408
84,1,0.0505879236124062,0.6040569983316447,0.7396614571433194,0.03093380791516906,0.8551105061487525,0.8799096825807512
84,2,0.029782176712484516,0.7064817655368836,0.8518625083321074,0.024194424865366753,0.8878540454668921,0.8934527297227244
84,3,0.02244193275810915,0.726937356746415,0.8900455270472704,0.022379966742739593,0.9011410098956188,0.9020813795093311
84,4,0.019304696140488284,0.772388991228236,0.9062198594582738,0.02774084766909201,0.8753559979568517,0.8904602628684668
84,5,0.014933710099663475,0.8001490433714327,0.9280687929460613,0.044438448565094456,0.8435512654116947,0.8890640711838754
85,1,0.055182397129410914,0.5989469934644258,0.705994747150109,0.04637279661855085,0.789059227207033,0.8489636714265836
85,2,0.03371847229901902,0.683666581738393,0.8299948817917709,0.04681261200825889,0.7639059112032214,0.8027204434253847
85,3,0.02774137652212611,0.7350530895510541,0.8624816273313839,0.022805136897231397,0.8880336872436372,0.8938516590487418
85,4,0.021038139153567684,0.7657541722214459,0.8974244756139081,0.028082510571146163,0.8764694656715875,0.8851858819664802
85,5,0.017077128780385812,0.8112975007266426,0.9174781233358733,0.0347714320249211,0.8317158013660796,0.8923828812225401
86,1,0.05595454505339066,0.603984666311544,0.7027709985527774,0.0389358840400425,0.7926036172911811,0.8621683608513269
86,2,0.038082565960626376,0.6848325535535498,0.8056769954992453,0.03211931868773878,0.8444109160199971,0.866606638270828
86,3,0.03557208287402008,0.6877953263130772,0.8192061412421947,0.03209507268737819,0.8573084584192372,0.8600805581645073
86,4,0.030825251911290163,0.7171386293959205,0.8453232293946277,0.030884191543009365,0.855796306680437,0.875746396174015
86,5,0.024519677784043892,0.7634311311799655,0.878876811178764,0.04282429995809627,0.8220901550624126,0.8388587671866626
87,1,0.04941321342805223,0.62716634558529,0.7436458346154445,0.05049932945814148,0.7922386777702731,0.8563938897996108
87,2,0.03602122045795492,0.6795522303032604,0.8185775558559051,0.02876273291878854,0.8587197551113426,0.8760190384272942
87,3,0.029750670338761886,0.7200332122745295,0.8526480062898776,0.023991477048505603,0.8776709899669334,0.8903226585088259
87,4,0.02226406598363469,0.7678224964869254,0.8913541280379202,0.03509658881418599,0.8521864305087149,0.8983296595697368
87,5,0.01772139027182388,0.7980367869141751,0.9143885206259708,0.042722267317859566,0.8496808537954388,0.891709984582082
87,6,0.015294575117478814,0.8043661144799394,0.9264246779447582,0.026077639019871746,0.8943687300383664,0.9028841351280884
87,7,0.01293073834679512,0.8248621942523402,0.9380879293653624,0.030428684786088792,0.8656126159673074,0.8984078034701055
87,8,0.0103078807896379,0.8359682192607114,0.9508960651780101,0.03428541413706947,0.8747414174563833,0.903765774955559
87,9,0.00834786504603234,0.8559070501380722,0.9603623685135484,0.02150815437476815,0.8987991041201474,0.9043263441541354
87,10,0.007947646158388446,0.8513044737168665,0.9623134387328641,0.03400622852517271,0.8652519373972283,0.8925714067273901
88,1,0.055578323818469465,0.6067231108711917,0.7172527781818263,0.028321824231705463,0.8626915636856671,0.8671760235146747
88,2,0.03174687147816988,0.6977583939420354,0.8416744023882782,0.024014048671661466,0.8867386556823919,0.8891648722327045
88,3,0.02421968357941987,0.7361566102540269,0.8810585481429888,0.022792258258638922,0.9009917085410487,0.8989464804324793
88,4,0.018843823156505735,0.779303518757793,0.9084163993016139,0.03038660107567386,0.8710136013541669,0.8951986787819426
88,5,0.015354642363980703,0.8077942566257393,0.9260680468068899,0.030566346836541712,0.872716728789776,0.8993084551894772
88,6,0.011517990804002827,0.8283946832957849,0.9449770410181657,0.024873664939471327,0.9041901409253524,0.9185560562679421
88,7,0.00971944889563487,0.8387613876251652,0.9537301684168251,0.02772546439048122,0.8866067814613746,0.9156640780923151
88,8,0.00935059502808832,0.8386982627190424,0.9554966357353288,0.020130396125964848,0.9125256600455208,0.9108898874577043
88,9,0.008337094973022227,0.8603106734076343,0.9604299070655509,0.02469597533961539,0.8885562484202971,0.907102144999654
88,10,0.007637814240132252,0.8428348470318346,0.9637815317234589,0.018607120584527043,0.9121126784177582,0.9157218069138654
89,1,0.053585335148726404,0.6056931952842515,0.7155395985174214,0.03879756907509305,0.7935481962415198,0.8593815110964925
89,2,0.03764121054204283,0.6816241831430341,0.8076593099477501,0.034833068886227385,0.8113357203076312,0.8418252318333836
89,3,0.03215706178500134,0.7074370396791367,0.8377390245218532,0.03181092489060521,0.8647556073554052,0.86713642023626
89,4,0.02961571193149442,0.7217275138982975,0.8515650198517479,0.02867830527590259,0.8544734933712161,0.8676667609970725
89,5,0.10635285739987624,0.1048430724405559,0.23212971117703135,0.11464311250293736,0.0,0.634237069646151
89,6,0.1111172723402542,-0.007829377228208312,-0.008395990920724943,0.11279743474990349,0.0,0.6387086284042042
89,7,0.11053624214333374,8.045779382537255e-05,0.006414172807020326,0.11391813748666797,0.0,0.6634781044449454
89,8,0.11080375317323932,-0.0033579227301967496,0.013130029165152097,0.11454014281180742,0.006755970141832601,0.1247753117214077
89,9,0.10912741095422712,-0.002924990393576188,0.035900330900643596,0.11811950926066321,0.0,0.7206424936950696
89,10,0.11123396192029443,0.0025263050543838927,0.02004166728382579,0.11838674653828253,0.0,-0.1098232041535913
90,1,0.05477209898884389,0.6130466793443948,0.7134080810009087,0.037938376902328694,0.8403952823860892,0.8754598139835253
90,2,0.03212928194649489,0.6999984826471737,0.8390120666091667,0.025726790052003172,0.873011331359455,0.8829506118101782
90,3,0.023955438097248767,0.743031424615257,0.8821419393253366,0.022151350035154095,0.8867681418682372,0.8980601649273465
90,4,0.020077894392708538,0.7731030569035795,0.9021067326241118,0.026560960933292174,0.8706018966478117,0.882163335086659
90,5,0.015525860180250864,0.7971587547435738,0.925014599332998,0.024880005858208546,0.8953394645817238,0.8993684118169422
91,1,0.05048812956272823,0.6129523631921266,0.7338454167493976,0.033622302375186014,0.8466499849852006,0.88469910883596
91,2,0.03251871195294329,0.7100319782108134,0.8375764663782195,0.02620710544835995,0.8760873545490213,0.878504181781837
91,3,0.023833215969486166,0.7352092297579607,0.8830495640017112,0.02474233550909797,0.8791733715023092,0.8986633975749202
91,4,0.017966249062008943,0.7952855770860403,0.912924522509312,0.021989778800429228,0.8902528697488956,0.89800473026268
91,5,0.013313948436479994,0.8186779866585809,0.9360457573460836,0.024007636100149658,0.8936571653104963,0.8998669434256789
92,1,0.059042573620394466,0.6008749813502249,0.6909248331382201,0.05629292967975797,0.7915507176671215,0.8571083866967986
92,2,0.034791628849500746,0.692961907476014,0.8242172158661644,0.02508833599002922,0.8846867528024338,0.8868255517373119
92,3,0.02850253799083398,0.7334245194730401,0.8582910446553861,0.02483779288184665,0.87986164735579,0.8835130550449047
92,4,0.022760138514853083,0.7600480811028414,0.8885339612146083,0.026336121064720348,0.8829724827131125,0.8847145939830536
92,5,0.01871702411409647,0.7948477557766959,0.9091147006893522,0.02391517211970709,0.8867977780936701,0.8917839918079896
93,1,0.05041429688379394,0.6183879501263613,0.7343850452572536,0.06913514861234409,0.695561515449894,0.7756870853889154
93,2,0.037745501955228175,0.675426935269455,0.8095076553665909,0.02422272046404781,0.88124678576401,0.8918177892989747
93,3,0.028134765337610404,0.7220010510357239,0.8601527691229566,0.025028015141074052,0.8812575861423945,0.893876741635682
93,4,0.023501513043457257,0.757810460360282,0.88461460377866,0.024380208891884917,0.8830290883308963,0.8862629954249899
93,5,0.019692769144276166,0.7756184278491417,0.9041770598310815,0.02944454042966861,0.8816420047403423,0.8904821341376861
93,6,0.016451432145841504,0.7902636148917175,0.9205127865080925,0.025633537898744074,0.8916268467806635,0.8945767656298572
93,7,0.014079920654202722,0.8088275706299761,0.9323666550937753,0.029164770977598998,0.8803808058435897,0.8917718109705935
93,8,0.01231638991063996,0.8166720512714555,0.9410258387227535,0.032982365351499,0.8705014385005919,0.8893558361663091
93,9,0.011024203219245028,0.8298036869376743,0.9474464285205284,0.024188791634514928,0.8886791467640172,0.8920589063290479
93,10,0.009017965454425106,0.8543452929125868,0.9571348219567711,0.030554848346475733,0.8831699746910615,0.8935636244301323
94,1,0.04874860282832429,0.6341897648474661,0.7440258478998226,0.06710628290003275,0.7447529754514239,0.8560382238509558
94,2,0.02988956583574034,0.7072997022537162,0.8509857519281537,0.02706022753024145,0.8778335025883356,0.8882599135654216
94,3,0.02273372507109245,0.7394108343367922,0.8888508866166176,0.02448016046272481,0.8802957022246036,0.8964913103655799
94,4,0.0181639587655417,0.7961220397501763,0.9123474286988701,0.029427007114624277,0.8865530156506524,0.8829647460177144
94,5,0.015523497665755183,0.7999055314888764,0.9255600980941664,0.025264318077140215,0.8893449635386135,0.8953812695105497
94,6,0.012546253885100252,0.8270884601656867,0.940314439208105,0.03065141901264296,0.8825961960033614,0.9027075523392059
94,7,0.010561716046962457,0.8402568074994092,0.9499903712807479,0.03059287471970653,0.8612553077148353,0.8802643398560732
94,8,0.009871459107657644,0.8474155069582505,0.9531824824562312,0.029780385240241337,0.8794547426321907,0.8908375475735907
94,9,0.00819374946800337,0.8434087620049994,0.9612811658682039,0.028055426250348854,0.8767296158693608,0.8963358787192092
94,10,0.007413727948961459,0.8599093972210641,0.9649790297117202,0.026570886794669443,0.888116494585548,0.9028908545248456
95,1,0.05851428319800413,0.6102791071719802,0.7003079183414229,0.034637333017171305,0.8559292740359055,0.8693850374775971
95,2,0.03217251711927305,0.7034764593819711,0.8394718672662224,0.021199020611889222,0.8982064012558664,0.9035638532548517
95,3,0.023355527092141077,0.7526331469169649,0.8854815179886183,0.021344944112249378,0.8992352270105208,0.901012962357244
95,4,0.018951010197754914,0.7808670166790592,0.9080197677119674,0.027278002902783233,0.8806953491630538,0.898822565263928
95,5,0.017931783615412554,0.7979540844932624,0.9132574666763915,0.04147138692753609,0.8251527465135863,0.8825888722613121
95,6,0.01531811151873595,0.8015469650754631,0.926181451357589,0.03169139092514182,0.8658850278025014,0.8934066479942204
95,7,0.01241681638872691,0.824827186555735,0.940616414704424,0.025289556977119956,0.8860828634143492,0.8913439950749901
95,8,0.01062462033020836,0.8232861030308717,0.949338595721407,0.02887123668059597,0.8782236769862004,0.8955287658752235
95,9,0.009931438054980988,0.8561650666295353,0.9527075653662788,0.02361139770501348,0.8938912618332966,0.9064227991333228
95,10,0.008569740376585746,0.8486551600820644,0.9592764679393214,0.02118269763955408,0.9033053799064589,0.9032964226439063
96,1,0.0502901416687191,0.628620490100278,0.744347372561181,0.03501335490385399,0.8569127172073896,0.8846308612136171
96,2,0.03064938504131672,0.7190372943452301,0.8489194621437711,0.021017076724734473,0.9018744535429015,0.9049402891311644
96,3,0.021971502906048893,0.7535163515556044,0.893247778256001,0.0210183668665088,0.901411193000453,0.9033146999326641
96,4,0.01584848498372429,0.7964807637772946,0.9236076289715165,0.022632059690830132,0.8963010163256504,0.9039444736542895
96,5,0.011942960149315864,0.8188034784840512,0.9428505909681355,0.02477809268020792,0.8991950359561087,0.9037400259699585
97,1,0.04536073815357248,0.6485136827996909,0.766008348712206,0.03632462728166823,0.8370204926011267,0.8843486944783161
97,2,0.030614121068495242,0.7183955466495306,0.8489052313573935,0.02462747943568769,0.8948216615043694,0.8998779063092847
97,3,0.022295302669174392,0.7552362659198002,0.8917564261228753,0.024421347098990843,0.8941910550929437,0.8954382906576183
97,4,0.01882186599747493,0.7846197255646075,0.9093785760993527,0.025107312706977074,0.8896803549112509,0.8927488098249757
97,5,0.015484640515622435,0.8061912441787121,0.9259814848802732,0.035369058559059766,0.8718641333022585,0.9042285483269522
98,1,0.04988162127299901,0.6261573235165087,0.741054491565943,0.06664016525267952,0.7141963659501307,0.8291008612090877
98,2,0.03384480390831463,0.7073215404179398,0.8306262516386046,0.026285167542322168,0.8855659113731223,0.8867614538597547
98,3,0.031145940968191996,0.7119818640563049,0.8440718030391532,0.026275178852194908,0.8803629928837344,0.8815386835526896
98,4,0.025895989023046462,0.7445719608862444,0.8722535673692993,0.03596085217449239,0.8302692378051677,0.8757590983101828
98,5,0.02174009902727412,0.760624420167749,0.8934725944466951,0.03620990271669785,0.8497975312517969,0.8730357915788
99,1,0.04841624989228443,0.6474367518861134,0.7520476569790144,0.03358892588028753,0.845477379932967,0.8629188505332729
99,2,0.027667412944478054,0.7296189611208859,0.8627464568770509,0.022153891248147855,0.8940563165649315,0.8975695250529693
99,3,0.02039628195085511,0.753166445560324,0.9004016964548867,0.021768042063580222,0.9003388514813748,0.9053197564405923
99,4,0.015274036152125248,0.8101127119252467,0.9262256450233756,0.022036038857871008,0.8977388266761782,0.9035948519628908
99,5,0.011760159300165692,0.823483316003403,0.9436699765806443,0.027963447203493322,0.8765333869112175,0.8978191558082004
99,6,0.00866727833237234,0.850896294536638,0.9587507772187224,0.024398498047958128,0.9016154708225095,0.9049071040979098
99,7,0.007275537141635526,0.8561087497505826,0.9655089156914824,0.02439902366484817,0.8900489833034657,0.8941259499435192
99,8,0.006051599766706101,0.8646126979228219,0.9713924557573961,0.02263408618942134,0.8995926261596083,0.9042403407092312
99,9,0.005129229631501057,0.8750287065307828,0.9758055500677031,0.021113578252398464,0.8988992352444558,0.9035425734026651
99,10,0.004470922485504654,0.8911105221010365,0.9789312238603207,0.020630973452866515,0.9091130290981567,0.9085087106746892
100,1,0.0545756972508163,0.6184904093037306,0.7241725768256625,0.03708643925903529,0.8412887355720426,0.8863178656516312
100,2,0.031767056063579005,0.7049640282301433,0.8428683251125023,0.024117860867858432,0.889299876058554,0.8976673354085564
100,3,0.024531084787437697,0.7492297939178321,0.8807385066695639,0.024067748775825536,0.8912932615051153,0.8947159996179838
100,4,0.018909774861635312,0.795520873105581,0.9089260320841461,0.029654730582585803,0.8623279874915142,0.8972871082447597
100,5,0.015023194298118226,0.8173955853670498,0.9282489447530529,0.041730904181296116,0.8480214989782903,0.8844742092299476
100,6,0.012510155086534974,0.8216318749835178,0.9402787585795933,0.023067688065352473,0.8964123414069387,0.8970298726520511
100,7,0.008548298300144775,0.8495625054145369,0.9594487957641572,0.0269164761317798,0.8733368374695497,0.8875583620269979
100,8,0.00690209485259615,0.8653344680787107,0.9673415352033825,0.024426544543530326,0.8944622458054711,0.8971815774921788
100,9,0.0064371334900878725,0.857961290176704,0.9695626355562675,0.021583555045842386,0.8938599551439894,0.9009185858829935
100,10,0.005446941098337349,0.8676768740619816,0.9742831805990123,0.02685470063742661,0.8852017961395823,0.8992150086748982
101,1,0.04900820346426246,0.6130511858455819,0.7438093668681504,0.03655401089610463,0.8105901822678565,0.8682844482049238
101,2,0.032546909879060115,0.7012398142469114,0.8365171593748286,0.029478310347793225,0.8711955213360475,0.8780622785159934
101,3,0.03346653607879045,0.705612091790027,0.830989912646108,0.03364496779399547,0.8651552839063978,0.87530098817973
101,4,0.026663779129618814,0.7436189020110702,0.8678091720886324,0.031714267617002516,0.8522469651143928,0.8876742414241706
101,5,0.019550592864210032,0.7702329515926515,0.9046670488765354,0.036662121586713885,0.8569184829321231,0.8849895275594903
101,6,0.01712565939974385,0.7964807637772946,0.9168599083887483,0.02816766190859626,0.8823953415764433,0.8863670906623637
101,7,0.01507196454664955,0.7927971056724732,0.9271743431460385,0.03093680325529182,0.8729894069165731,0.8754686899971014
101,8,0.013730141541235974,0.8099633577740888,0.9338792124460757,0.026590868306146497,0.8788384001806204,0.888561896593496
101,9,0.010210721070436643,0.8355502383329879,0.9512173888036157,0.028443230093056198,0.8694451177382929,0.8813991434117897
101,10,0.009276322153835278,0.8415612744267001,0.9557645915111647,0.02786183771026759,0.8866587825750005,0.8919754169025645
102,1,0.05284843819712364,0.6371941733574149,0.7259755201772408,0.02841003133011434,0.8696537825801238,0.8807743162641517
102,2,0.03155555268256645,0.7263872884031018,0.8429496057258918,0.02595198865438921,0.8901344495861803,0.8891016151774916
102,3,0.025334403104111836,0.7429904236300628,0.8762536982087273,0.023636244812651593,0.8896290107904878,0.8971595361530053
102,4,0.020225621406024144,0.7800008317548894,0.9025069313475748,0.0229914860050057,0.8937141232220354,0.8950539600235873
102,5,0.0158194697592742,0.8023116674279114,0.9240687612095887,0.03354657163692858,0.8691926320367603,0.8975730713768967
103,1,0.04585141273363298,0.6434710203394886,0.7629690842996478,0.03917119682163877,0.8449070724399355,0.8892556534257249
103,2,0.029155286852471065,0.7339024103200726,0.8567303454187777,0.02880745451650856,0.8842403474544923,0.8986852086390917
103,3,0.02360603142976902,0.7445489768324414,0.8855361589617602,0.023796095718246174,0.8830724729894621,0.8893691396428435
103,4,0.01707434233600214,0.8000793635796754,0.9179896886064636,0.025346991725895992,0.8779935320739218,0.8938933273398726
103,5,0.011618902563691379,0.8189811201230756,0.9444396076136272,0.021262918833492545,0.9035722508824738,0.9062359555339358
104,1,0.05119462430632069,0.6323755616102886,0.7391683319676676,0.059954148320042915,0.7744038481804006,0.884784221327824
104,2,0.03167428532069538,0.7178918321876863,0.8426000147143738,0.026678662312299234,0.882219291053781,0.9013522117714983
104,3,0.024473742856547263,0.7454504810005722,0.8803035525911432,0.024503401247784495,0.8885077032143576,0.8892811732332154
104,4,0.020839330832040842,0.7673865514750104,0.8988409204836021,0.02792077120872872,0.8716269833887128,0.8751782197171798
104,5,0.017211944926204426,0.7873770139148353,0.9169087025000106,0.038572690175736654,0.8383434006123749,0.8849679689845904
105,1,0.04657650846699235,0.6316408646317161,0.758652235239666,0.0374306305859457,0.8567201719756558,0.8779524460013531
105,2,0.02641280689488019,0.7369843755357695,0.8690076046806456,0.023381652115323746,0.8922309751014675,0.8956509992185334
105,3,0.019862282894013032,0.7634894232918702,0.90297996183736,0.021682955533512595,0.8919098582727736,0.8992931073511762
105,4,0.014150149182113686,0.8111121187045874,0.9317710102770502,0.023921743485569844,0.8816221313723884,0.8883944413960074
105,5,0.011074670052617112,0.8271026271740404,0.9470065806995602,0.024551901630783343,0.8869993799189024,0.8945357183577451
105,6,0.008709413931323903,0.8413437053189121,0.9585284779095369,0.021249588880249682,0.9031825849698463,0.9050772280696636
105,7,0.006778200460678857,0.862541001201321,0.9678843421584976,0.02370136646855184,0.8937577825444784,0.8970445565344651
105,8,0.006172798358415392,0.8685946773956801,0.9708312086686204,0.0222902551827514,0.8974245826978935,0.8993012152463437
105,9,0.00486036073846702,0.8810965402310525,0.9770677899505449,0.021619028624092394,0.9027341154477457,0.9027553736013986
105,10,0.004331439359611805,0.8852337231536753,0.9795883459159636,0.021138968494008568,0.9020875982889837,0.9040112436916646
106,1,0.04167102303598886,0.6661130455011766,0.7850094281890494,0.042650608626632565,0.8388678822663636,0.8862081406233427
106,2,0.026380663749978425,0.7354809626450388,0.8700996063540684,0.02769657925990246,0.888989478643641,0.9043404802531758
106,3,0.02089746333685103,0.777088490391338,0.8986448894008078,0.02238072594970136,0.8938050930560174,0.8962623776799279
106,4,0.01713531378996409,0.7965607625699697,0.9177687299712685,0.02709435492151362,0.8809541402344013,0.8935384803156825
106,5,0.01330587288341881,0.8098185270039215,0.936662254069312,0.028819196696584934,0.8840813564149527,0.8936602419812408
106,6,0.010600559028646326,0.8174672011524378,0.9498672291928526,0.023342407281127048,0.9008635860631943,0.9039162867609007
106,7,0.009448520693530122,0.8433168847483253,0.9554954261295601,0.028048259623841765,0.884778271973174,0.9022305472980238
106,8,0.007555808117925692,0.8536049519377393,0.9644065942386696,0.029170587343875978,0.8815238209817087,0.8894683677379261
106,9,0.006529751408104441,0.8667340961132814,0.9692808979653986,0.022809757921255797,0.8928276245289918,0.8972221508806385
106,10,0.005556483555295538,0.8741314840102774,0.9738354110209178,0.021879234748399434,0.903545794273616,0.9060720135117155
107,1,0.0475309372814425,0.646720648386895,0.7557282056846667,0.049019041539662904,0.7911060263013553,0.877801557235818
107,2,0.028749024699264273,0.7271965448333655,0.8578888030399984,0.022950269292136106,0.8949693087554701,0.9009237876269873
107,3,0.024440043365551133,0.7463264086198873,0.8801235575992106,0.027766416174606148,0.8777142249869653,0.8852854093686126
107,4,0.020903325783368728,0.7717924852457531,0.8984126451585344,0.024310140377458406,0.8838129900401439,0.8869276036679111
107,5,0.016169559995517037,0.7971204237938162,0.9221389589725649,0.03333165854393669,0.8556850474262384,0.8869567125381543
107,6,0.01341286803012985,0.8203891003610326,0.935783821167916,0.027056326863684636,0.8790287254919591,0.8857521927440859
107,7,0.010478354180746647,0.8365789245659045,0.9501064052569189,0.02743723584160976,0.8746808647683793,0.8932448588247005
107,8,0.009092279778426382,0.8430406049485515,0.9568139919186525,0.0243687678457183,0.8935759602676511,0.8941784435353508
107,9,0.008894448089241693,0.8432555733232998,0.957732790927307,0.02468006681952187,0.8790160231225485,0.8858721335240536
107,10,0.006440555418789605,0.8627828381746482,0.969539579696397,0.026585585138116798,0.8814973068254885,0.8866352047000511
